sender_id,channel,date,cleaned_message
-1001135034032,emartzonsportswear,2024-09-26 12:31:37+00:00,መልካም በአል
-1001135034032,emartzonsportswear,2024-09-26 09:06:43+00:00,2425 SMLXL2XL 1900 2200 ስልክ 0955015555 0955025555 አሁን ደውለው ይዘዙን ያሉበት ድረስ በፍጥነት እናመጣለን ቁጥር 1 22ማዞሪያ አበጋዝ ሆቴል 3ኛ ፎቅ ሱቅ ቁጥር 44 maphttpsmapsappgooglKBVXvfEbceVCPN6y8 ቁጥር 2 ሜክሲኮ ከኬኬር ህንፃ በታች አይመን ታወር 2ኛ ፎቅ ሱቅ ቁጥር 210 maphttpsmapsappgooglJju2d2g2Y1WjgUnb9 ከአአ ውጪ ላላችሁ ደንበኞች በ24 ሰአት ውስጥ እንልካለን
-1001135034032,emartzonsportswear,2024-09-24 08:07:57+00:00,መቷል ኦሪጅናል የልጆች ማሊያ ከነቁምጣው 2024 2 18 ዋጋ 2100 ብር ስልክ 0955015555 0955025555 አሁን ደውለው ይዘዙን ያሉበት ድረስ በፍጥነት እናመጣለን ቁጥር 1 22ማዞሪያ አበጋዝ ሆቴል 3ኛ ፎቅ ሱቅ ቁጥር 44 maphttpsmapsappgooglKBVXvfEbceVCPN6y8 ቁጥር 2 ሜክሲኮ ከኬኬር ህንፃ በታች አይመን ታወር 2ኛ ፎቅ ሱቅ ቁጥር 210 maphttpsmapsappgooglJju2d2g2Y1WjgUnb9 ከአአ ውጪ ላላችሁ ደንበኞች በ24 ሰአት ውስጥ እንልካለን
-1001135034032,emartzonsportswear,2024-09-23 06:32:01+00:00,ኦሪጅናል ማሊያ 202425 3RD SMLXL2XL ዋጋ 1900 ብር ስልክ 0955015555 0955025555 አሁን ደውለው ይዘዙን ያሉበት ድረስ በፍጥነት እናመጣለን ቁጥር 1 22ማዞሪያ አበጋዝ ሆቴል 3ኛ ፎቅ ሱቅ ቁጥር 44 maphttpsmapsappgooglKBVXvfEbceVCPN6y8 ቁጥር 2 ሜክሲኮ ከኬኬር ህንፃ በታች አይመን ታወር 2ኛ ፎቅ ሱቅ ቁጥር 210 maphttpsmapsappgooglJju2d2g2Y1WjgUnb9 ከአአ ውጪ ላላችሁ ደንበኞች በ24 ሰአት ውስጥ እንልካለን
-1001135034032,emartzonsportswear,2024-09-22 09:23:05+00:00,ሜክሲኮ ቅርንጫፍ እሁድ ክፍት ነው ሜክሲኮ አይመን ህንፃ 2ኛ ፎቅ 0955025555
-1001135034032,emartzonsportswear,2024-09-22 06:50:54+00:00,ኦሪጅናል ማሊያ 202425 SMLXL2XL ዋጋ 1900 ብር 2200 ብር ስልክ 0955015555 0955025555 አሁን ደውለው ይዘዙን ያሉበት ድረስ በፍጥነት እናመጣለን ቁጥር 1 22ማዞሪያ አበጋዝ ሆቴል 3ኛ ፎቅ ሱቅ ቁጥር 44 maphttpsmapsappgooglKBVXvfEbceVCPN6y8 ቁጥር 2 ሜክሲኮ ከኬኬር ህንፃ በታች አይመን ታወር 2ኛ ፎቅ ሱቅ ቁጥር 210 maphttpsmapsappgooglJju2d2g2Y1WjgUnb9 ከአአ ውጪ ላላችሁ ደንበኞች በ24 ሰአት ውስጥ እንልካለን
-1001135034032,emartzonsportswear,2024-09-22 06:44:46+00:00,ኦሪጅናል ማሊያ 202425 SMLXL2XL ዋጋ 1900 ብር ስልክ 0955015555 0955025555 አሁን ደውለው ይዘዙን ያሉበት ድረስ በፍጥነት እናመጣለን ቁጥር 1 22ማዞሪያ አበጋዝ ሆቴል 3ኛ ፎቅ ሱቅ ቁጥር 44 maphttpsmapsappgooglKBVXvfEbceVCPN6y8 ቁጥር 2 ሜክሲኮ ከኬኬር ህንፃ በታች አይመን ታወር 2ኛ ፎቅ ሱቅ ቁጥር 210 maphttpsmapsappgooglJju2d2g2Y1WjgUnb9 ከአአ ውጪ ላላችሁ ደንበኞች በ24 ሰአት ውስጥ እንልካለን
-1001135034032,emartzonsportswear,2024-09-21 06:41:50+00:00,ኦሪጅናል ማሊያ 202425 3RD SMLXL2XL ዋጋ 1900 ብር ስልክ 0955015555 0955025555 አሁን ደውለው ይዘዙን ያሉበት ድረስ በፍጥነት እናመጣለን ቁጥር 1 22ማዞሪያ አበጋዝ ሆቴል 3ኛ ፎቅ ሱቅ ቁጥር 44 maphttpsmapsappgooglKBVXvfEbceVCPN6y8 ቁጥር 2 ሜክሲኮ ከኬኬር ህንፃ በታች አይመን ታወር 2ኛ ፎቅ ሱቅ ቁጥር 210 maphttpsmapsappgooglJju2d2g2Y1WjgUnb9 ከአአ ውጪ ላላችሁ ደንበኞች በ24 ሰአት ውስጥ እንልካለን
-1001135034032,emartzonsportswear,2024-09-20 09:50:42+00:00,2425 SMLXL2XL 1900 2200 ስልክ 0955015555 0955025555 አሁን ደውለው ይዘዙን ያሉበት ድረስ በፍጥነት እናመጣለን ቁጥር 1 22ማዞሪያ አበጋዝ ሆቴል 3ኛ ፎቅ ሱቅ ቁጥር 44 maphttpsmapsappgooglKBVXvfEbceVCPN6y8 ቁጥር 2 ሜክሲኮ ከኬኬር ህንፃ በታች አይመን ታወር 2ኛ ፎቅ ሱቅ ቁጥር 210 maphttpsmapsappgooglJju2d2g2Y1WjgUnb9 ከአአ ውጪ ላላችሁ ደንበኞች በ24 ሰአት ውስጥ እንልካለን
-1001135034032,emartzonsportswear,2024-09-19 12:12:58+00:00,ኦሪጅናል ማሊያ 202425 SMLXL2XL ዋጋ 1900 ብር 2200 ብር ስልክ 0955015555 0955025555 አሁን ደውለው ይዘዙን ያሉበት ድረስ በፍጥነት እናመጣለን ቁጥር 1 22ማዞሪያ አበጋዝ ሆቴል 3ኛ ፎቅ ሱቅ ቁጥር 44 maphttpsmapsappgooglKBVXvfEbceVCPN6y8 ቁጥር 2 ሜክሲኮ ከኬኬር ህንፃ በታች አይመን ታወር 2ኛ ፎቅ ሱቅ ቁጥር 210 maphttpsmapsappgooglJju2d2g2Y1WjgUnb9 ከአአ ውጪ ላላችሁ ደንበኞች በ24 ሰአት ውስጥ እንልካለን
-1001135034032,emartzonsportswear,2024-09-18 10:37:09+00:00,ኦሪጅናል ማሊያ 202425 3rd SMLXL2XL ዋጋ 1900 ብር ስልክ 0955015555 0955025555 አሁን ደውለው ይዘዙን ያሉበት ድረስ በፍጥነት እናመጣለን ቁጥር 1 22ማዞሪያ አበጋዝ ሆቴል 3ኛ ፎቅ ሱቅ ቁጥር 44 maphttpsmapsappgooglKBVXvfEbceVCPN6y8 ቁጥር 2 ሜክሲኮ ከኬኬር ህንፃ በታች አይመን ታወር 2ኛ ፎቅ ሱቅ ቁጥር 210 maphttpsmapsappgooglJju2d2g2Y1WjgUnb9 ከአአ ውጪ ላላችሁ ደንበኞች በ24 ሰአት ውስጥ እንልካለን
-1001135034032,emartzonsportswear,2024-09-18 10:21:21+00:00,ኦሪጅናል ማሊያ 202425 SMLXL2XL ዋጋ 1900 ብር ስልክ 0955015555 0955025555 አሁን ደውለው ይዘዙን ያሉበት ድረስ በፍጥነት እናመጣለን ቁጥር 1 22ማዞሪያ አበጋዝ ሆቴል 3ኛ ፎቅ ሱቅ ቁጥር 44 maphttpsmapsappgooglKBVXvfEbceVCPN6y8 ቁጥር 2 ሜክሲኮ ከኬኬር ህንፃ በታች አይመን ታወር 2ኛ ፎቅ ሱቅ ቁጥር 210 maphttpsmapsappgooglJju2d2g2Y1WjgUnb9 ከአአ ውጪ ላላችሁ ደንበኞች በ24 ሰአት ውስጥ እንልካለን
-1001135034032,emartzonsportswear,2024-09-18 10:18:33+00:00,ኦሪጅናል ማሊያ 202425 SMLXL2XL ዋጋ 1900 ብር ስልክ 0955015555 0955025555 አሁን ደውለው ይዘዙን ያሉበት ድረስ በፍጥነት እናመጣለን ቁጥር 1 22ማዞሪያ አበጋዝ ሆቴል 3ኛ ፎቅ ሱቅ ቁጥር 44 maphttpsmapsappgooglKBVXvfEbceVCPN6y8 ቁጥር 2 ሜክሲኮ ከኬኬር ህንፃ በታች አይመን ታወር 2ኛ ፎቅ ሱቅ ቁጥር 210 maphttpsmapsappgooglJju2d2g2Y1WjgUnb9 ከአአ ውጪ ላላችሁ ደንበኞች በ24 ሰአት ውስጥ እንልካለን
-1001135034032,emartzonsportswear,2024-09-17 12:35:07+00:00,ኦሪጅናል ማሊያ 202425 SMLXL2XL ዋጋFan 1900 ብር 2200 ብር ስልክ 0955015555 0955025555 አሁን ደውለው ይዘዙን ያሉበት ድረስ በፍጥነት እናመጣለን ቁጥር 1 22ማዞሪያ አበጋዝ ሆቴል 3ኛ ፎቅ ሱቅ ቁጥር 44 maphttpsmapsappgooglKBVXvfEbceVCPN6y8 ቁጥር 2 ሜክሲኮ ከኬኬር ህንፃ በታች አይመን ታወር 2ኛ ፎቅ ሱቅ ቁጥር 210 maphttpsmapsappgooglJju2d2g2Y1WjgUnb9 ከአአ ውጪ ላላችሁ ደንበኞች በ24 ሰአት ውስጥ እንልካለን
-1001135034032,emartzonsportswear,2024-09-17 12:22:50+00:00,ኦሪጅናል ማሊያ 202425 SMLXL2XL ዋጋ 1900 ብር ስልክ 0955015555 0955025555 አሁን ደውለው ይዘዙን ያሉበት ድረስ በፍጥነት እናመጣለን ቁጥር 1 22ማዞሪያ አበጋዝ ሆቴል 3ኛ ፎቅ ሱቅ ቁጥር 44 maphttpsmapsappgooglKBVXvfEbceVCPN6y8 ቁጥር 2 ሜክሲኮ ከኬኬር ህንፃ በታች አይመን ታወር 2ኛ ፎቅ ሱቅ ቁጥር 210 maphttpsmapsappgooglJju2d2g2Y1WjgUnb9 ከአአ ውጪ ላላችሁ ደንበኞች በ24 ሰአት ውስጥ እንልካለን
-1001135034032,emartzonsportswear,2024-09-17 12:08:31+00:00,ኦሪጅናል ማሊያ 202425 SMLXL2XL ዋጋ 1900 ብር ስልክ 0955015555 0955025555 አሁን ደውለው ይዘዙን ያሉበት ድረስ በፍጥነት እናመጣለን ቁጥር 1 22ማዞሪያ አበጋዝ ሆቴል 3ኛ ፎቅ ሱቅ ቁጥር 44 maphttpsmapsappgooglKBVXvfEbceVCPN6y8 ቁጥር 2 ሜክሲኮ ከኬኬር ህንፃ በታች አይመን ታወር 2ኛ ፎቅ ሱቅ ቁጥር 210 maphttpsmapsappgooglJju2d2g2Y1WjgUnb9 ከአአ ውጪ ላላችሁ ደንበኞች በ24 ሰአት ውስጥ እንልካለን
-1001135034032,emartzonsportswear,2024-09-17 11:55:12+00:00,ኦሪጅናል ማሊያ 202425 SMLXL2XL ዋጋ 2200 ብር ስልክ 0955015555 0955025555 አሁን ደውለው ይዘዙን ያሉበት ድረስ በፍጥነት እናመጣለን ቁጥር 1 22ማዞሪያ አበጋዝ ሆቴል 3ኛ ፎቅ ሱቅ ቁጥር 44 maphttpsmapsappgooglKBVXvfEbceVCPN6y8 ቁጥር 2 ሜክሲኮ ከኬኬር ህንፃ በታች አይመን ታወር 2ኛ ፎቅ ሱቅ ቁጥር 210 maphttpsmapsappgooglJju2d2g2Y1WjgUnb9 ከአአ ውጪ ላላችሁ ደንበኞች በ24 ሰአት ውስጥ እንልካለን
-1001135034032,emartzonsportswear,2024-09-17 11:29:47+00:00,ኦሪጅናል ማሊያ 202425 ዋጋ 1900 ብር ስልክ 0955015555 0955025555 አሁን ደውለው ይዘዙን ያሉበት ድረስ በፍጥነት እናመጣለን ቁጥር 1 22ማዞሪያ አበጋዝ ሆቴል 3ኛ ፎቅ ሱቅ ቁጥር 44 maphttpsmapsappgooglKBVXvfEbceVCPN6y8 ቁጥር 2 ሜክሲኮ ከኬኬር ህንፃ በታች አይመን ታወር 2ኛ ፎቅ ሱቅ ቁጥር 210 maphttpsmapsappgooglJju2d2g2Y1WjgUnb9 ከአአ ውጪ ላላችሁ ደንበኞች በ24 ሰአት ውስጥ እንልካለን
-1001135034032,emartzonsportswear,2024-09-16 10:19:12+00:00,ኦሪጅናል ማሊያ 202425 SMLXL2XL ዋጋ እጅጌ ሙሉ 2200 ብር ስልክ 0955015555 0955025555 አሁን ደውለው ይዘዙን ያሉበት ድረስ በፍጥነት እናመጣለን ቁጥር 1 22ማዞሪያ አበጋዝ ሆቴል 3ኛ ፎቅ ሱቅ ቁጥር 44 maphttpsmapsappgooglKBVXvfEbceVCPN6y8 ቁጥር 2 ሜክሲኮ ከኬኬር ህንፃ በታች አይመን ታወር 2ኛ ፎቅ ሱቅ ቁጥር 210 maphttpsmapsappgooglJju2d2g2Y1WjgUnb9 ከአአ ውጪ ላላችሁ ደንበኞች በ24 ሰአት ውስጥ እንልካለን
-1001135034032,emartzonsportswear,2024-09-15 06:24:16+00:00,ኦሪጅናል ማሊያ 202425 SMLXL2XL ዋጋ 1900 ብር 2200 ብር ስልክ 0955015555 0955025555 አሁን ደውለው ይዘዙን ያሉበት ድረስ በፍጥነት እናመጣለን ቁጥር 1 22ማዞሪያ አበጋዝ ሆቴል 3ኛ ፎቅ ሱቅ ቁጥር 44 maphttpsmapsappgooglKBVXvfEbceVCPN6y8 ቁጥር 2 ሜክሲኮ ከኬኬር ህንፃ በታች አይመን ታወር 2ኛ ፎቅ ሱቅ ቁጥር 210 maphttpsmapsappgooglJju2d2g2Y1WjgUnb9 ከአአ ውጪ ላላችሁ ደንበኞች በ24 ሰአት ውስጥ እንልካለን
-1001135034032,emartzonsportswear,2024-09-14 06:44:34+00:00,ኦሪጅናል ማሊያ 202425 3rd SMLXL2XL ዋጋ 1900 ብር 2200 ብር ስልክ 0955015555 0955025555 አሁን ደውለው ይዘዙን ያሉበት ድረስ በፍጥነት እናመጣለን ቁጥር 1 22ማዞሪያ አበጋዝ ሆቴል 3ኛ ፎቅ ሱቅ ቁጥር 44 maphttpsmapsappgooglKBVXvfEbceVCPN6y8 ቁጥር 2 ሜክሲኮ ከኬኬር ህንፃ በታች አይመን ታወር 2ኛ ፎቅ ሱቅ ቁጥር 210 maphttpsmapsappgooglJju2d2g2Y1WjgUnb9 ከአአ ውጪ ላላችሁ ደንበኞች በ24 ሰአት ውስጥ እንልካለን
-1001135034032,emartzonsportswear,2024-09-13 11:45:46+00:00,ኦሪጅናል ማሊያ 202425 3rd SMLXL2XL ዋጋ 1900 ብር ስልክ 0955015555 0955025555 አሁን ደውለው ይዘዙን ያሉበት ድረስ በፍጥነት እናመጣለን ቁጥር 1 22ማዞሪያ አበጋዝ ሆቴል 3ኛ ፎቅ ሱቅ ቁጥር 44 maphttpsmapsappgooglKBVXvfEbceVCPN6y8 ቁጥር 2 ሜክሲኮ ከኬኬር ህንፃ በታች አይመን ታወር 2ኛ ፎቅ ሱቅ ቁጥር 210 maphttpsmapsappgooglJju2d2g2Y1WjgUnb9 ከአአ ውጪ ላላችሁ ደንበኞች በ24 ሰአት ውስጥ እንልካለን
-1001135034032,emartzonsportswear,2024-09-13 09:49:17+00:00,ኦሪጅናል ማሊያ 202425 3rd SMLXL2XL ዋጋ1900 ብር ስልክ 0955015555 0955025555 አሁን ደውለው ይዘዙን ያሉበት ድረስ በፍጥነት እናመጣለን ቁጥር 1 22ማዞሪያ አበጋዝ ሆቴል 3ኛ ፎቅ ሱቅ ቁጥር 44 maphttpsmapsappgooglKBVXvfEbceVCPN6y8 ቁጥር 2 ሜክሲኮ ከኬኬር ህንፃ በታች አይመን ታወር 2ኛ ፎቅ ሱቅ ቁጥር 210 maphttpsmapsappgooglJju2d2g2Y1WjgUnb9 ከአአ ውጪ ላላችሁ ደንበኞች በ24 ሰአት ውስጥ እንልካለን
-1001135034032,emartzonsportswear,2024-09-13 09:44:04+00:00,ኦሪጅናል ማሊያ 202425 SMLXL2XL ዋጋ 1900 ብር ስልክ 0955015555 0955025555 አሁን ደውለው ይዘዙን ያሉበት ድረስ በፍጥነት እናመጣለን ቁጥር 1 22ማዞሪያ አበጋዝ ሆቴል 3ኛ ፎቅ ሱቅ ቁጥር 44 maphttpsmapsappgooglKBVXvfEbceVCPN6y8 ቁጥር 2 ሜክሲኮ ከኬኬር ህንፃ በታች አይመን ታወር 2ኛ ፎቅ ሱቅ ቁጥር 210 maphttpsmapsappgooglJju2d2g2Y1WjgUnb9 ከአአ ውጪ ላላችሁ ደንበኞች በ24 ሰአት ውስጥ እንልካለን
-1001135034032,emartzonsportswear,2024-09-11 06:50:43+00:00,መልካም አዲስ አመት 2017
-1001135034032,emartzonsportswear,2024-09-09 07:41:05+00:00,ኦሪጅናል ማሊያ 2024 3rd ዋጋ 2200 ብር ስልክ 0955015555 0955025555 አሁን ደውለው ይዘዙን ያሉበት ድረስ በፍጥነት እናመጣለን ቁጥር 1 22ማዞሪያ አበጋዝ ሆቴል 3ኛ ፎቅ ሱቅ ቁጥር 44 maphttpsmapsappgooglKBVXvfEbceVCPN6y8 ቁጥር 2 ሜክሲኮ ከኬኬር ህንፃ በታች አይመን ታወር 2ኛ ፎቅ ሱቅ ቁጥር 210 maphttpsmapsappgooglJju2d2g2Y1WjgUnb9 ከአአ ውጪ ላላችሁ ደንበኞች በ24 ሰአት ውስጥ እንልካለን
-1001135034032,emartzonsportswear,2024-09-08 06:53:16+00:00,ሁለቱም ቅርንጫፋችን እሁድ ክፍት ነው 22 አበጋዝ ሆቴል 3ኛ ፎቅ 0955015555 ሜክሲኮ አይመን ህንፃ 2ኛ ፎቅ 0955025555
-1001135034032,emartzonsportswear,2024-09-07 09:29:00+00:00,ኦሪጅናል ቱታ 2425 ዋጋ 2950 ብር ስልክ 0955015555 0955025555 አሁን ደውለው ይዘዙን ያሉበት ድረስ በፍጥነት እናመጣለን ቁጥር 1 22ማዞሪያ አበጋዝ ሆቴል 3ኛ ፎቅ ሱቅ ቁጥር 44 maphttpsmapsappgooglKBVXvfEbceVCPN6y8 ቁጥር 2 ሜክሲኮ ከኬኬር ህንፃ በታች አይመን ታወር 2ኛ ፎቅ ሱቅ ቁጥር 210 maphttpsmapsappgooglJju2d2g2Y1WjgUnb9 ከአአ ውጪ ላላችሁ ደንበኞች በ24 ሰአት ውስጥ እንልካለን
-1001135034032,emartzonsportswear,2024-09-07 07:27:22+00:00,ኦሪጅናል ማሊያ 202425 SMLXL2XL ዋጋ እጅጌ ሙሉ 2200 ብር ስልክ 0955015555 0955025555 አሁን ደውለው ይዘዙን ያሉበት ድረስ በፍጥነት እናመጣለን ቁጥር 1 22ማዞሪያ አበጋዝ ሆቴል 3ኛ ፎቅ ሱቅ ቁጥር 44 maphttpsmapsappgooglKBVXvfEbceVCPN6y8 ቁጥር 2 ሜክሲኮ ከኬኬር ህንፃ በታች አይመን ታወር 2ኛ ፎቅ ሱቅ ቁጥር 210 maphttpsmapsappgooglJju2d2g2Y1WjgUnb9 ከአአ ውጪ ላላችሁ ደንበኞች በ24 ሰአት ውስጥ እንልካለን
-1001135034032,emartzonsportswear,2024-09-07 07:11:21+00:00,ኦሪጅናል ማሊያ 202425 SMLXL2XL ዋጋ እጅጌ ሙሉ 2200 ብር ስልክ 0955015555 0955025555 አሁን ደውለው ይዘዙን ያሉበት ድረስ በፍጥነት እናመጣለን ቁጥር 1 22ማዞሪያ አበጋዝ ሆቴል 3ኛ ፎቅ ሱቅ ቁጥር 44 maphttpsmapsappgooglKBVXvfEbceVCPN6y8 ቁጥር 2 ሜክሲኮ ከኬኬር ህንፃ በታች አይመን ታወር 2ኛ ፎቅ ሱቅ ቁጥር 210 maphttpsmapsappgooglJju2d2g2Y1WjgUnb9 ከአአ ውጪ ላላችሁ ደንበኞች በ24 ሰአት ውስጥ እንልካለን
-1001135034032,emartzonsportswear,2024-09-05 09:08:09+00:00,ኦሪጅናል ማሊያ 202425 3RD SMLXL2XL ዋጋ 1900 ብር ስልክ 0955015555 0955025555 አሁን ደውለው ይዘዙን ያሉበት ድረስ በፍጥነት እናመጣለን ቁጥር 1 22ማዞሪያ አበጋዝ ሆቴል 3ኛ ፎቅ ሱቅ ቁጥር 44 maphttpsmapsappgooglKBVXvfEbceVCPN6y8 ቁጥር 2 ሜክሲኮ ከኬኬር ህንፃ በታች አይመን ታወር 2ኛ ፎቅ ሱቅ ቁጥር 210 maphttpsmapsappgooglJju2d2g2Y1WjgUnb9 ከአአ ውጪ ላላችሁ ደንበኞች በ24 ሰአት ውስጥ እንልካለን
-1001135034032,emartzonsportswear,2024-09-03 06:44:39+00:00,ኦሪጅናል ማሊያ 20042005 ዋጋ 2100 ብር ስልክ 0955015555 0955025555 አሁን ደውለው ይዘዙን ያሉበት ድረስ በፍጥነት እናመጣለን ቁጥር 1 22ማዞሪያ አበጋዝ ሆቴል 3ኛ ፎቅ ሱቅ ቁጥር 44 maphttpsmapsappgooglKBVXvfEbceVCPN6y8 ቁጥር 2 ሜክሲኮ ከኬኬር ህንፃ በታች አይመን ታወር 2ኛ ፎቅ ሱቅ ቁጥር 210 maphttpsmapsappgooglJju2d2g2Y1WjgUnb9 ከአአ ውጪ ላላችሁ ደንበኞች በ24 ሰአት ውስጥ እንልካለን
-1001135034032,emartzonsportswear,2024-09-02 05:50:55+00:00,ኦሪጅናል ማሊያ 202425 SMLXL2XL ዋጋ 1800 ብር ስልክ 0955015555 0955025555 አሁን ደውለው ይዘዙን ያሉበት ድረስ በፍጥነት እናመጣለን ቁጥር 1 22ማዞሪያ አበጋዝ ሆቴል 3ኛ ፎቅ ሱቅ ቁጥር 44 maphttpsmapsappgooglKBVXvfEbceVCPN6y8 ቁጥር 2 ሜክሲኮ ከኬኬር ህንፃ በታች አይመን ታወር 2ኛ ፎቅ ሱቅ ቁጥር 210 maphttpsmapsappgooglJju2d2g2Y1WjgUnb9 ከአአ ውጪ ላላችሁ ደንበኞች በ24 ሰአት ውስጥ እንልካለን
-1001135034032,emartzonsportswear,2024-09-01 07:49:36+00:00,ኦሪጅናል ማሊያ 202425 SMLXL2XL ዋጋ 1900 ብር 2200 ብር ስልክ 0955015555 0955025555 አሁን ደውለው ይዘዙን ያሉበት ድረስ በፍጥነት እናመጣለን ቁጥር 1 22ማዞሪያ አበጋዝ ሆቴል 3ኛ ፎቅ ሱቅ ቁጥር 44 maphttpsmapsappgooglKBVXvfEbceVCPN6y8 ቁጥር 2 ሜክሲኮ ከኬኬር ህንፃ በታች አይመን ታወር 2ኛ ፎቅ ሱቅ ቁጥር 210 maphttpsmapsappgooglJju2d2g2Y1WjgUnb9 ከአአ ውጪ ላላችሁ ደንበኞች በ24 ሰአት ውስጥ እንልካለን
-1001135034032,emartzonsportswear,2024-09-01 06:51:46+00:00,ኦሪጅናል ማሊያ 202425 SMLXL2XL ዋጋFan 1900 ብር 2200 ብር ስልክ 0955015555 0955025555 አሁን ደውለው ይዘዙን ያሉበት ድረስ በፍጥነት እናመጣለን ቁጥር 1 22ማዞሪያ አበጋዝ ሆቴል 3ኛ ፎቅ ሱቅ ቁጥር 44 maphttpsmapsappgooglKBVXvfEbceVCPN6y8 ቁጥር 2 ሜክሲኮ ከኬኬር ህንፃ በታች አይመን ታወር 2ኛ ፎቅ ሱቅ ቁጥር 210 maphttpsmapsappgooglJju2d2g2Y1WjgUnb9 ከአአ ውጪ ላላችሁ ደንበኞች በ24 ሰአት ውስጥ እንልካለን
-1001135034032,emartzonsportswear,2024-08-31 06:41:03+00:00,ኦሪጅናል ማሊያ 202425 SMLXL2XL ዋጋ 1900 ብር ስልክ 0955015555 0955025555 አሁን ደውለው ይዘዙን ያሉበት ድረስ በፍጥነት እናመጣለን ቁጥር 1 22ማዞሪያ አበጋዝ ሆቴል 3ኛ ፎቅ ሱቅ ቁጥር 44 maphttpsmapsappgooglKBVXvfEbceVCPN6y8 ቁጥር 2 ሜክሲኮ ከኬኬር ህንፃ በታች አይመን ታወር 2ኛ ፎቅ ሱቅ ቁጥር 210 maphttpsmapsappgooglJju2d2g2Y1WjgUnb9 ከአአ ውጪ ላላችሁ ደንበኞች በ24 ሰአት ውስጥ እንልካለን
-1001135034032,emartzonsportswear,2024-08-29 07:47:23+00:00,ኦሪጅናል ማሊያ 2425 ዋጋ 1800 ብር ስልክ 0955015555 0955025555 አሁን ደውለው ይዘዙን ያሉበት ድረስ በፍጥነት እናመጣለን ቁጥር 1 22ማዞሪያ አበጋዝ ሆቴል 3ኛ ፎቅ ሱቅ ቁጥር 44 maphttpsmapsappgooglKBVXvfEbceVCPN6y8 ቁጥር 2 ሜክሲኮ ከኬኬር ህንፃ በታች አይመን ታወር 2ኛ ፎቅ ሱቅ ቁጥር 210 maphttpsmapsappgooglJju2d2g2Y1WjgUnb9 ከአአ ውጪ ላላችሁ ደንበኞች በ24 ሰአት ውስጥ እንልካለን
-1001135034032,emartzonsportswear,2024-08-28 07:14:01+00:00,መቷል ኦሪጅናል የልጆች ማሊያ ከነቁምጣው 2024 2 18 ዋጋ 2100 ብር ስልክ 0955015555 0955025555 አሁን ደውለው ይዘዙን ያሉበት ድረስ በፍጥነት እናመጣለን ቁጥር 1 22ማዞሪያ አበጋዝ ሆቴል 3ኛ ፎቅ ሱቅ ቁጥር 44 maphttpsmapsappgooglKBVXvfEbceVCPN6y8 ቁጥር 2 ሜክሲኮ ከኬኬር ህንፃ በታች አይመን ታወር 2ኛ ፎቅ ሱቅ ቁጥር 210 maphttpsmapsappgooglJju2d2g2Y1WjgUnb9 ከአአ ውጪ ላላችሁ ደንበኞች በ24 ሰአት ውስጥ እንልካለን
-1001135034032,emartzonsportswear,2024-08-27 07:35:34+00:00,መቷል ኦሪጅናል የልጆች ማሊያ ከነቁምጣው 2024 CR7 2 18 ዋጋ 2100 ብር ስልክ 0955015555 0955025555 አሁን ደውለው ይዘዙን ያሉበት ድረስ በፍጥነት እናመጣለን ቁጥር 1 22ማዞሪያ አበጋዝ ሆቴል 3ኛ ፎቅ ሱቅ ቁጥር 44 maphttpsmapsappgooglKBVXvfEbceVCPN6y8 ቁጥር 2 ሜክሲኮ ከኬኬር ህንፃ በታች አይመን ታወር 2ኛ ፎቅ ሱቅ ቁጥር 210 maphttpsmapsappgooglJju2d2g2Y1WjgUnb9 ከአአ ውጪ ላላችሁ ደንበኞች በ24 ሰአት ውስጥ እንልካለን
-1001135034032,emartzonsportswear,2024-08-26 13:22:54+00:00,መቷል ኦሪጅናል ማሊያ 2023 CR7 SMLXL2XL ዋጋ 2000 ብር ስልክ 0955015555 0955025555 አሁን ደውለው ይዘዙን ያሉበት ድረስ በፍጥነት እናመጣለን ቁጥር 1 22ማዞሪያ አበጋዝ ሆቴል 3ኛ ፎቅ ሱቅ ቁጥር 44 maphttpsmapsappgooglKBVXvfEbceVCPN6y8 ቁጥር 2 ሜክሲኮ ከኬኬር ህንፃ በታች አይመን ታወር 2ኛ ፎቅ ሱቅ ቁጥር 210 maphttpsmapsappgooglJju2d2g2Y1WjgUnb9 ከአአ ውጪ ላላችሁ ደንበኞች በ24 ሰአት ውስጥ እንልካለን
-1001135034032,emartzonsportswear,2024-08-26 07:29:15+00:00,ኦሪጅናል ማሊያ 202425 SMLXL2XL ዋጋFan 1900 ብር 2200 ብር ስልክ 0955015555 0955025555 አሁን ደውለው ይዘዙን ያሉበት ድረስ በፍጥነት እናመጣለን ቁጥር 1 22ማዞሪያ አበጋዝ ሆቴል 3ኛ ፎቅ ሱቅ ቁጥር 44 maphttpsmapsappgooglKBVXvfEbceVCPN6y8 ቁጥር 2 ሜክሲኮ ከኬኬር ህንፃ በታች አይመን ታወር 2ኛ ፎቅ ሱቅ ቁጥር 210 maphttpsmapsappgooglJju2d2g2Y1WjgUnb9 ከአአ ውጪ ላላችሁ ደንበኞች በ24 ሰአት ውስጥ እንልካለን
-1001135034032,emartzonsportswear,2024-08-25 07:54:39+00:00,2425 SMLXL2XL 1900 2200 ስልክ 0955015555 አሁን ደውለው ይዘዙን ያሉበት ድረስ በፍጥነት እናመጣለን ቁጥር 1 22ማዞሪያ አበጋዝ ሆቴል 3ኛ ፎቅ ሱቅ ቁጥር 44 maphttpsmapsappgooglKBVXvfEbceVCPN6y8 ቁጥር 2 ሜክሲኮ ከኬኬር ህንፃ በታች አይመን ታወር 2ኛ ፎቅ ሱቅ ቁጥር 210 maphttpsmapsappgooglJju2d2g2Y1WjgUnb9 ከአአ ውጪ ላላችሁ ደንበኞች በ24 ሰአት ውስጥ እንልካለን
-1001135034032,emartzonsportswear,2024-08-24 08:22:25+00:00,SMLXL2XL ዋጋ 1900 ብር 2200 ብር ስልክ 0955015555 0955025555 አሁን ደውለው ይዘዙን ያሉበት ድረስ በፍጥነት እናመጣለን ቁጥር 1 22ማዞሪያ አበጋዝ ሆቴል 3ኛ ፎቅ ሱቅ ቁጥር 44 maphttpsmapsappgooglKBVXvfEbceVCPN6y8 ቁጥር 2 ሜክሲኮ ከኬኬር ህንፃ በታች አይመን ታወር 2ኛ ፎቅ ሱቅ ቁጥር 210 maphttpsmapsappgooglJju2d2g2Y1WjgUnb9 ከአአ ውጪ ላላችሁ ደንበኞች በ24 ሰአት ውስጥ እንልካለን
-1001135034032,emartzonsportswear,2024-08-23 08:03:38+00:00,ኦሪጅናል ማሊያ 202425 SMLXL2XL ዋጋ 1800 ብር 2100 ብር ስልክ 0955015555 0955025555 አሁን ደውለው ይዘዙን ያሉበት ድረስ በፍጥነት እናመጣለን ቁጥር 1 22ማዞሪያ አበጋዝ ሆቴል 3ኛ ፎቅ ሱቅ ቁጥር 44 maphttpsmapsappgooglKBVXvfEbceVCPN6y8 ቁጥር 2 ሜክሲኮ ከኬኬር ህንፃ በታች አይመን ታወር 2ኛ ፎቅ ሱቅ ቁጥር 210 maphttpsmapsappgooglJju2d2g2Y1WjgUnb9 ከአአ ውጪ ላላችሁ ደንበኞች በ24 ሰአት ውስጥ እንልካለን
-1001135034032,emartzonsportswear,2024-08-22 09:48:00+00:00,ኦሪጅናል ማሊያ 0708 ዋጋ 2100 ብር ስልክ 0955015555 0955025555 አሁን ደውለው ይዘዙን ያሉበት ድረስ በፍጥነት እናመጣለን ቁጥር 1 22ማዞሪያ አበጋዝ ሆቴል 3ኛ ፎቅ ሱቅ ቁጥር 44 maphttpsmapsappgooglKBVXvfEbceVCPN6y8 ቁጥር 2 ሜክሲኮ ከኬኬር ህንፃ በታች አይመን ታወር 2ኛ ፎቅ ሱቅ ቁጥር 210 maphttpsmapsappgooglJju2d2g2Y1WjgUnb9 ከአአ ውጪ ላላችሁ ደንበኞች በ24 ሰአት ውስጥ እንልካለን
-1001135034032,emartzonsportswear,2024-08-20 09:17:13+00:00,ኦሪጅናል ማሊያ 201819 SMLXL2XL ዋጋ 2200 ብር ስልክ 0955015555 0955025555 አሁን ደውለው ይዘዙን ያሉበት ድረስ በፍጥነት እናመጣለን ቁጥር 1 22ማዞሪያ አበጋዝ ሆቴል 3ኛ ፎቅ ሱቅ ቁጥር 44 maphttpsmapsappgooglKBVXvfEbceVCPN6y8 ቁጥር 2 ሜክሲኮ ከኬኬር ህንፃ በታች አይመን ታወር 2ኛ ፎቅ ሱቅ ቁጥር 210 maphttpsmapsappgooglJju2d2g2Y1WjgUnb9 ከአአ ውጪ ላላችሁ ደንበኞች በ24 ሰአት ውስጥ እንልካለን
-1001135034032,emartzonsportswear,2024-08-19 07:19:59+00:00,ኦሪጅናል ማሊያ 202425 SMLXL2XL ዋጋ 1800 ብር ስልክ 0955015555 0955025555 አሁን ደውለው ይዘዙን ያሉበት ድረስ በፍጥነት እናመጣለን ቁጥር 1 22ማዞሪያ አበጋዝ ሆቴል 3ኛ ፎቅ ሱቅ ቁጥር 44 maphttpsmapsappgooglKBVXvfEbceVCPN6y8 ቁጥር 2 ሜክሲኮ ከኬኬር ህንፃ በታች አይመን ታወር 2ኛ ፎቅ ሱቅ ቁጥር 210 maphttpsmapsappgooglJju2d2g2Y1WjgUnb9 ከአአ ውጪ ላላችሁ ደንበኞች በ24 ሰአት ውስጥ እንልካለን
-1001135034032,emartzonsportswear,2024-08-17 05:37:00+00:00,ኦሪጅናል ማሊያ 202425 SMLXL2XL ዋጋ 1800 ብር ስልክ 0955015555 0955025555 አሁን ደውለው ይዘዙን ያሉበት ድረስ በፍጥነት እናመጣለን ቁጥር 1 22ማዞሪያ አበጋዝ ሆቴል 3ኛ ፎቅ ሱቅ ቁጥር 44 maphttpsmapsappgooglKBVXvfEbceVCPN6y8 ቁጥር 2 ሜክሲኮ ከኬኬር ህንፃ በታች አይመን ታወር 2ኛ ፎቅ ሱቅ ቁጥር 210 maphttpsmapsappgooglJju2d2g2Y1WjgUnb9 ከአአ ውጪ ላላችሁ ደንበኞች በ24 ሰአት ውስጥ እንልካለን
-1001135034032,emartzonsportswear,2024-08-16 07:02:00+00:00,ኦሪጅናል ማሊያ 202425 SMLXL2XL ዋጋ 1800 ብር ስልክ 0955015555 0955025555 አሁን ደውለው ይዘዙን ያሉበት ድረስ በፍጥነት እናመጣለን ቁጥር 1 22ማዞሪያ አበጋዝ ሆቴል 3ኛ ፎቅ ሱቅ ቁጥር 44 maphttpsmapsappgooglKBVXvfEbceVCPN6y8 ቁጥር 2 ሜክሲኮ ከኬኬር ህንፃ በታች አይመን ታወር 2ኛ ፎቅ ሱቅ ቁጥር 210 maphttpsmapsappgooglJju2d2g2Y1WjgUnb9 ከአአ ውጪ ላላችሁ ደንበኞች በ24 ሰአት ውስጥ እንልካለን
-1001135034032,emartzonsportswear,2024-08-16 06:00:29+00:00,ኦሪጅናል ማሊያ 202425 SMLXL2XL ዋጋ 1800 ብር ስልክ 0955015555 0955025555 አሁን ደውለው ይዘዙን ያሉበት ድረስ በፍጥነት እናመጣለን ቁጥር 1 22ማዞሪያ አበጋዝ ሆቴል 3ኛ ፎቅ ሱቅ ቁጥር 44 maphttpsmapsappgooglKBVXvfEbceVCPN6y8 ቁጥር 2 ሜክሲኮ ከኬኬር ህንፃ በታች አይመን ታወር 2ኛ ፎቅ ሱቅ ቁጥር 210 maphttpsmapsappgooglJju2d2g2Y1WjgUnb9 ከአአ ውጪ ላላችሁ ደንበኞች በ24 ሰአት ውስጥ እንልካለን
-1001135034032,emartzonsportswear,2024-08-12 10:40:53+00:00,ኦሪጅናል ማሊያ 202425 3rd SMLXL2XL ዋጋ 1800 ብር ስልክ 0955015555 0955025555 አሁን ደውለው ይዘዙን ያሉበት ድረስ በፍጥነት እናመጣለን ቁጥር 1 22ማዞሪያ አበጋዝ ሆቴል 3ኛ ፎቅ ሱቅ ቁጥር 44 maphttpsmapsappgooglKBVXvfEbceVCPN6y8 ቁጥር 2 ሜክሲኮ ከኬኬር ህንፃ በታች አይመን ታወር 2ኛ ፎቅ ሱቅ ቁጥር 210 maphttpsmapsappgooglJju2d2g2Y1WjgUnb9 ከአአ ውጪ ላላችሁ ደንበኞች በ24 ሰአት ውስጥ እንልካለን
-1001135034032,emartzonsportswear,2024-08-10 06:57:57+00:00,ኦሪጅናል ማሊያ SMLXL2XL ዋጋ 1800 ብር ስልክ 0955015555 0955025555 አሁን ደውለው ይዘዙን ያሉበት ድረስ በፍጥነት እናመጣለን ቁጥር 1 22ማዞሪያ አበጋዝ ሆቴል 3ኛ ፎቅ ሱቅ ቁጥር 44 maphttpsmapsappgooglKBVXvfEbceVCPN6y8 ቁጥር 2 ሜክሲኮ ከኬኬር ህንፃ በታች አይመን ታወር 2ኛ ፎቅ ሱቅ ቁጥር 210 maphttpsmapsappgooglJju2d2g2Y1WjgUnb9 ከአአ ውጪ ላላችሁ ደንበኞች በ24 ሰአት ውስጥ እንልካለን
-1001135034032,emartzonsportswear,2024-08-09 04:48:38+00:00,ኦሪጅናል ማሊያ 202425 3rd SMLXL2XL ዋጋ 1800 ብር ስልክ 0955015555 0955025555 አሁን ደውለው ይዘዙን ያሉበት ድረስ በፍጥነት እናመጣለን ቁጥር 1 22ማዞሪያ አበጋዝ ሆቴል 3ኛ ፎቅ ሱቅ ቁጥር 44 maphttpsmapsappgooglKBVXvfEbceVCPN6y8 ቁጥር 2 ሜክሲኮ ከኬኬር ህንፃ በታች አይመን ታወር 2ኛ ፎቅ ሱቅ ቁጥር 210 maphttpsmapsappgooglJju2d2g2Y1WjgUnb9 ከአአ ውጪ ላላችሁ ደንበኞች በ24 ሰአት ውስጥ እንልካለን
-1001135034032,emartzonsportswear,2024-08-08 09:46:58+00:00,ኦሪጅናል ማሊያ 1999 SMLXL2XL ዋጋ 2100 ብር ስልክ 0955015555 0955025555 አሁን ደውለው ይዘዙን ያሉበት ድረስ በፍጥነት እናመጣለን ቁጥር 1 22ማዞሪያ አበጋዝ ሆቴል 3ኛ ፎቅ ሱቅ ቁጥር 44 maphttpsmapsappgooglKBVXvfEbceVCPN6y8 ቁጥር 2 ሜክሲኮ ከኬኬር ህንፃ በታች አይመን ታወር 2ኛ ፎቅ ሱቅ ቁጥር 210 maphttpsmapsappgooglJju2d2g2Y1WjgUnb9 ከአአ ውጪ ላላችሁ ደንበኞች በ24 ሰአት ውስጥ እንልካለን
-1001135034032,emartzonsportswear,2024-08-07 07:10:42+00:00,ኦሪጅናል ማሊያ 202425 SMLXL2XL ዋጋ 1800 ብር ስልክ 0955015555 0955025555 አሁን ደውለው ይዘዙን ያሉበት ድረስ በፍጥነት እናመጣለን ቁጥር 1 22ማዞሪያ አበጋዝ ሆቴል 3ኛ ፎቅ ሱቅ ቁጥር 44 maphttpsmapsappgooglKBVXvfEbceVCPN6y8 ቁጥር 2 ሜክሲኮ ከኬኬር ህንፃ በታች አይመን ታወር 2ኛ ፎቅ ሱቅ ቁጥር 210 maphttpsmapsappgooglJju2d2g2Y1WjgUnb9 ከአአ ውጪ ላላችሁ ደንበኞች በ24 ሰአት ውስጥ እንልካለን
-1001135034032,emartzonsportswear,2024-08-06 07:53:51+00:00,መቷል ኦሪጅናል ማሊያ 2324 ዋጋ 1700 ብር ስልክ 0955015555 0955025555 አሁን ደውለው ይዘዙን ያሉበት ድረስ በፍጥነት እናመጣለን ቁጥር 1 22ማዞሪያ አበጋዝ ሆቴል 3ኛ ፎቅ ሱቅ ቁጥር 44 maphttpsmapsappgooglKBVXvfEbceVCPN6y8 ቁጥር 2 ሜክሲኮ ከኬኬር ህንፃ በታች አይመን ታወር 2ኛ ፎቅ ሱቅ ቁጥር 210 maphttpsmapsappgooglJju2d2g2Y1WjgUnb9 ከአአ ውጪ ላላችሁ ደንበኞች በ24 ሰአት ውስጥ እንልካለን
-1001135034032,emartzonsportswear,2024-08-03 10:55:11+00:00,ኦሪጅናል ማሊያ 2425 ዋጋ 1800 ብር ስልክ 0955015555 0955025555 አሁን ደውለው ይዘዙን ያሉበት ድረስ በፍጥነት እናመጣለን ቁጥር 1 22ማዞሪያ አበጋዝ ሆቴል 3ኛ ፎቅ ሱቅ ቁጥር 44 maphttpsmapsappgooglKBVXvfEbceVCPN6y8 ቁጥር 2 ሜክሲኮ ከኬኬር ህንፃ በታች አይመን ታወር 2ኛ ፎቅ ሱቅ ቁጥር 210 maphttpsmapsappgooglJju2d2g2Y1WjgUnb9 ከአአ ውጪ ላላችሁ ደንበኞች በ24 ሰአት ውስጥ እንልካለን
-1001135034032,emartzonsportswear,2024-08-01 09:07:40+00:00,መቷል ኦሪጅናል ማሊያ 199899 ዋጋ 2100 ብር ስልክ 0955015555 0955025555 አሁን ደውለው ይዘዙን ያሉበት ድረስ በፍጥነት እናመጣለን ቁጥር 1 22ማዞሪያ አበጋዝ ሆቴል 3ኛ ፎቅ ሱቅ ቁጥር 44 maphttpsmapsappgooglKBVXvfEbceVCPN6y8 ቁጥር 2 ሜክሲኮ ከኬኬር ህንፃ በታች አይመን ታወር 2ኛ ፎቅ ሱቅ ቁጥር 210 maphttpsmapsappgooglJju2d2g2Y1WjgUnb9 ከአአ ውጪ ላላችሁ ደንበኞች በ24 ሰአት ውስጥ እንልካለን
-1001135034032,emartzonsportswear,2024-07-31 09:53:18+00:00,ኦሪጅናል ማሊያ 200607 SMLXL2XL ዋጋ 2100 ብር ስልክ 0955015555 0955025555 አሁን ደውለው ይዘዙን ያሉበት ድረስ በፍጥነት እናመጣለን ቁጥር 1 22ማዞሪያ አበጋዝ ሆቴል 3ኛ ፎቅ ሱቅ ቁጥር 44 maphttpsmapsappgooglKBVXvfEbceVCPN6y8 ቁጥር 2 ሜክሲኮ ከኬኬር ህንፃ በታች አይመን ታወር 2ኛ ፎቅ ሱቅ ቁጥር 210 maphttpsmapsappgooglJju2d2g2Y1WjgUnb9 ከአአ ውጪ ላላችሁ ደንበኞች በ24 ሰአት ውስጥ እንልካለን
-1001135034032,emartzonsportswear,2024-07-31 09:52:39+00:00,መቷል ኦሪጅናል ማሊያ 199394 ዋጋ 2000 ብር ስልክ 0955015555 0955025555 አሁን ደውለው ይዘዙን ያሉበት ድረስ በፍጥነት እናመጣለን ቁጥር 1 22ማዞሪያ አበጋዝ ሆቴል 3ኛ ፎቅ ሱቅ ቁጥር 44 maphttpsmapsappgooglKBVXvfEbceVCPN6y8 ቁጥር 2 ሜክሲኮ ከኬኬር ህንፃ በታች አይመን ታወር 2ኛ ፎቅ ሱቅ ቁጥር 210 maphttpsmapsappgooglJju2d2g2Y1WjgUnb9 ከአአ ውጪ ላላችሁ ደንበኞች በ24 ሰአት ውስጥ እንልካለን
-1001135034032,emartzonsportswear,2024-07-29 08:31:47+00:00,ኦሪጅናል ማሊያ 198890 ዋጋ 2100 ብር ስልክ 0955015555 0955025555 አሁን ደውለው ይዘዙን ያሉበት ድረስ በፍጥነት እናመጣለን ቁጥር 1 22ማዞሪያ አበጋዝ ሆቴል 3ኛ ፎቅ ሱቅ ቁጥር 44 maphttpsmapsappgooglKBVXvfEbceVCPN6y8 ቁጥር 2 ሜክሲኮ ከኬኬር ህንፃ በታች አይመን ታወር 2ኛ ፎቅ ሱቅ ቁጥር 210 maphttpsmapsappgooglJju2d2g2Y1WjgUnb9 ከአአ ውጪ ላላችሁ ደንበኞች በ24 ሰአት ውስጥ እንልካለን
-1001135034032,emartzonsportswear,2024-07-27 06:33:43+00:00,ኦሪጅናል ማሊያ 199092 ዋጋ 2100 ብር ስልክ 0955015555 0955025555 አሁን ደውለው ይዘዙን ያሉበት ድረስ በፍጥነት እናመጣለን ቁጥር 1 22ማዞሪያ አበጋዝ ሆቴል 3ኛ ፎቅ ሱቅ ቁጥር 44 maphttpsmapsappgooglKBVXvfEbceVCPN6y8 ቁጥር 2 ሜክሲኮ ከኬኬር ህንፃ በታች አይመን ታወር 2ኛ ፎቅ ሱቅ ቁጥር 210 maphttpsmapsappgooglJju2d2g2Y1WjgUnb9 ከአአ ውጪ ላላችሁ ደንበኞች በ24 ሰአት ውስጥ እንልካለን
-1001135034032,emartzonsportswear,2024-07-24 07:39:36+00:00,ኦሪጅናል ማሊያ 202425 SMLXL2XL ዋጋ 1800 ብር ስልክ 0955015555 0955025555 አሁን ደውለው ይዘዙን ያሉበት ድረስ በፍጥነት እናመጣለን ቁጥር 1 22ማዞሪያ አበጋዝ ሆቴል 3ኛ ፎቅ ሱቅ ቁጥር 44 maphttpsmapsappgooglKBVXvfEbceVCPN6y8 ቁጥር 2 ሜክሲኮ ከኬኬር ህንፃ በታች አይመን ታወር 2ኛ ፎቅ ሱቅ ቁጥር 210 maphttpsmapsappgooglJju2d2g2Y1WjgUnb9 ከአአ ውጪ ላላችሁ ደንበኞች በ24 ሰአት ውስጥ እንልካለን
-1001135034032,emartzonsportswear,2024-07-22 07:17:53+00:00,ኦሪጅናል ቱታ 2324 ዋጋ 2950 ብር ስልክ 0955015555 0955025555 አሁን ደውለው ይዘዙን ያሉበት ድረስ በፍጥነት እናመጣለን ቁጥር 1 22ማዞሪያ አበጋዝ ሆቴል 3ኛ ፎቅ ሱቅ ቁጥር 44 maphttpsmapsappgooglKBVXvfEbceVCPN6y8 ቁጥር 2 ሜክሲኮ ከኬኬር ህንፃ በታች አይመን ታወር 2ኛ ፎቅ ሱቅ ቁጥር 210 maphttpsmapsappgooglJju2d2g2Y1WjgUnb9 ከአአ ውጪ ላላችሁ ደንበኞች በ24 ሰአት ውስጥ እንልካለን
-1001135034032,emartzonsportswear,2024-07-20 08:12:43+00:00,መቷል ኦሪጅናል ቱታ 2324 ዋጋ 1800 ብር አሁን ደውለው ይዘዙን ያሉበት ድረስ በፍጥነት እናመጣለን ቁጥር 1 22ማዞሪያ አበጋዝ ሆቴል 3ኛ ፎቅ ሱቅ ቁጥር 44 maphttpsmapsappgooglKBVXvfEbceVCPN6y8 ቁጥር 2 ሜክሲኮ ከኬኬር ህንፃ በታች አይመን ታወር 2ኛ ፎቅ ሱቅ ቁጥር 210 maphttpsmapsappgooglJju2d2g2Y1WjgUnb9 ከአአ ውጪ ላላችሁ ደንበኞች በ24 ሰአት ውስጥ እንልካለን
-1001135034032,emartzonsportswear,2024-07-20 07:22:19+00:00,ኦሪጅናል ማሊያ 199293 ዋጋ 2100 ብር ስልክ 0955015555 0955025555 አሁን ደውለው ይዘዙን ያሉበት ድረስ በፍጥነት እናመጣለን ቁጥር 1 22ማዞሪያ አበጋዝ ሆቴል 3ኛ ፎቅ ሱቅ ቁጥር 44 maphttpsmapsappgooglKBVXvfEbceVCPN6y8 ቁጥር 2 ሜክሲኮ ከኬኬር ህንፃ በታች አይመን ታወር 2ኛ ፎቅ ሱቅ ቁጥር 210 maphttpsmapsappgooglJju2d2g2Y1WjgUnb9 ከአአ ውጪ ላላችሁ ደንበኞች በ24 ሰአት ውስጥ እንልካለን
-1001135034032,emartzonsportswear,2024-07-17 10:32:52+00:00,ኦሪጅናል ማሊያ 202425 SMLXL2XL ዋጋ 1800 ብር ስልክ 0955015555 0955025555 አሁን ደውለው ይዘዙን ያሉበት ድረስ በፍጥነት እናመጣለን ቁጥር 1 22ማዞሪያ አበጋዝ ሆቴል 3ኛ ፎቅ ሱቅ ቁጥር 44 maphttpsmapsappgooglKBVXvfEbceVCPN6y8 ቁጥር 2 ሜክሲኮ ከኬኬር ህንፃ በታች አይመን ታወር 2ኛ ፎቅ ሱቅ ቁጥር 210 maphttpsmapsappgooglJju2d2g2Y1WjgUnb9 ከአአ ውጪ ላላችሁ ደንበኞች በ24 ሰአት ውስጥ እንልካለን
-1001135034032,emartzonsportswear,2024-07-17 07:34:55+00:00,ኦሪጅናል ማሊያ 202425 SMLXL2XL ዋጋ 1800 ብር ስልክ 0955015555 0955025555 አሁን ደውለው ይዘዙን ያሉበት ድረስ በፍጥነት እናመጣለን ቁጥር 1 22ማዞሪያ አበጋዝ ሆቴል 3ኛ ፎቅ ሱቅ ቁጥር 44 maphttpsmapsappgooglKBVXvfEbceVCPN6y8 ቁጥር 2 ሜክሲኮ ከኬኬር ህንፃ በታች አይመን ታወር 2ኛ ፎቅ ሱቅ ቁጥር 210 maphttpsmapsappgooglJju2d2g2Y1WjgUnb9 ከአአ ውጪ ላላችሁ ደንበኞች በ24 ሰአት ውስጥ እንልካለን
-1001135034032,emartzonsportswear,2024-07-16 09:01:16+00:00,ኦሪጅናል ማሊያ 202425 SMLXL2XL ዋጋ 1800 ብር ስልክ 0955015555 0955025555 አሁን ደውለው ይዘዙን ያሉበት ድረስ በፍጥነት እናመጣለን ቁጥር 1 22ማዞሪያ አበጋዝ ሆቴል 3ኛ ፎቅ ሱቅ ቁጥር 44 maphttpsmapsappgooglKBVXvfEbceVCPN6y8 ቁጥር 2 ሜክሲኮ ከኬኬር ህንፃ በታች አይመን ታወር 2ኛ ፎቅ ሱቅ ቁጥር 210 maphttpsmapsappgooglJju2d2g2Y1WjgUnb9 ከአአ ውጪ ላላችሁ ደንበኞች በ24 ሰአት ውስጥ እንልካለን
-1001135034032,emartzonsportswear,2024-07-15 11:29:28+00:00,መቷል ኦሪጅናል ቱታ 2324 ዋጋ 3950 ብር ስልክ 0955015555 0955025555 አሁን ደውለው ይዘዙን ያሉበት ድረስ በፍጥነት እናመጣለን ቁጥር 1 22ማዞሪያ አበጋዝ ሆቴል 3ኛ ፎቅ ሱቅ ቁጥር 44 maphttpsmapsappgooglKBVXvfEbceVCPN6y8 ቁጥር 2 ሜክሲኮ ከኬኬር ህንፃ በታች አይመን ታወር 2ኛ ፎቅ ሱቅ ቁጥር 210 maphttpsmapsappgooglJju2d2g2Y1WjgUnb9 ከአአ ውጪ ላላችሁ ደንበኞች በ24 ሰአት ውስጥ እንልካለን
-1001135034032,emartzonsportswear,2024-07-14 07:21:43+00:00,መቷል ኦሪጅናል ማሊያ 2024 10 SMLXL2XL ዋጋ 2100 ብር ስልክ 0955015555 0955025555 አሁን ደውለው ይዘዙን ያሉበት ድረስ በፍጥነት እናመጣለን ቁጥር 1 22ማዞሪያ አበጋዝ ሆቴል 3ኛ ፎቅ ሱቅ ቁጥር 44 maphttpsmapsappgooglKBVXvfEbceVCPN6y8 ቁጥር 2 ሜክሲኮ ከኬኬር ህንፃ በታች አይመን ታወር 2ኛ ፎቅ ሱቅ ቁጥር 210 maphttpsmapsappgooglJju2d2g2Y1WjgUnb9 ከአአ ውጪ ላላችሁ ደንበኞች በ24 ሰአት ውስጥ እንልካለን
-1001135034032,emartzonsportswear,2024-07-12 09:06:13+00:00,መቷል ኦሪጅናል ማሊያ 199899 ዋጋ 2100 ብር ስልክ 0955015555 0955025555 አሁን ደውለው ይዘዙን ያሉበት ድረስ በፍጥነት እናመጣለን ቁጥር 1 22ማዞሪያ አበጋዝ ሆቴል 3ኛ ፎቅ ሱቅ ቁጥር 44 maphttpsmapsappgooglKBVXvfEbceVCPN6y8 ቁጥር 2 ሜክሲኮ ከኬኬር ህንፃ በታች አይመን ታወር 2ኛ ፎቅ ሱቅ ቁጥር 210 maphttpsmapsappgooglJju2d2g2Y1WjgUnb9 ከአአ ውጪ ላላችሁ ደንበኞች በ24 ሰአት ውስጥ እንልካለን
-1001135034032,emartzonsportswear,2024-07-08 08:40:50+00:00,መቷል ኦሪጅናል ማሊያ 202425 ዋጋ 1800 ብር ስልክ 0955015555 0955025555 አሁን ደውለው ይዘዙን ያሉበት ድረስ በፍጥነት እናመጣለን ቁጥር 1 22ማዞሪያ አበጋዝ ሆቴል 3ኛ ፎቅ ሱቅ ቁጥር 44 maphttpsmapsappgooglKBVXvfEbceVCPN6y8 ቁጥር 2 ሜክሲኮ ከኬኬር ህንፃ በታች አይመን ታወር 2ኛ ፎቅ ሱቅ ቁጥር 210 maphttpsmapsappgooglJju2d2g2Y1WjgUnb9 ከአአ ውጪ ላላችሁ ደንበኞች በ24 ሰአት ውስጥ እንልካለን
-1001135034032,emartzonsportswear,2024-07-07 10:44:10+00:00,መቷል ኦሪጅናል ማሊያ 199899 ዋጋ 2100 ብር ስልክ 0955015555 0955025555 አሁን ደውለው ይዘዙን ያሉበት ድረስ በፍጥነት እናመጣለን ቁጥር 1 22ማዞሪያ አበጋዝ ሆቴል 3ኛ ፎቅ ሱቅ ቁጥር 44 maphttpsmapsappgooglKBVXvfEbceVCPN6y8 ቁጥር 2 ሜክሲኮ ከኬኬር ህንፃ በታች አይመን ታወር 2ኛ ፎቅ ሱቅ ቁጥር 210 maphttpsmapsappgooglJju2d2g2Y1WjgUnb9 ከአአ ውጪ ላላችሁ ደንበኞች በ24 ሰአት ውስጥ እንልካለን
-1001135034032,emartzonsportswear,2024-07-05 05:25:18+00:00,ኦሪጅናል ማሊያ 2008 7 ዋጋ 2400 ብር ስልክ 0955015555 0955025555 አሁን ደውለው ይዘዙን ያሉበት ድረስ በፍጥነት እናመጣለን ቁጥር 1 22ማዞሪያ አበጋዝ ሆቴል 3ኛ ፎቅ ሱቅ ቁጥር 44 maphttpsmapsappgooglKBVXvfEbceVCPN6y8 ቁጥር 2 ሜክሲኮ ከኬኬር ህንፃ በታች አይመን ታወር 2ኛ ፎቅ ሱቅ ቁጥር 210 maphttpsmapsappgooglJju2d2g2Y1WjgUnb9 ከአአ ውጪ ላላችሁ ደንበኞች በ24 ሰአት ውስጥ እንልካለን
-1001135034032,emartzonsportswear,2024-07-04 11:07:38+00:00,መቷል ኦሪጅናል ማሊያ 2024 SMLXL2XL ዋጋ 2100 ብር ስልክ 0955015555 0955025555 አሁን ደውለው ይዘዙን ያሉበት ድረስ በፍጥነት እናመጣለን ቁጥር 1 22ማዞሪያ አበጋዝ ሆቴል 3ኛ ፎቅ ሱቅ ቁጥር 44 maphttpsmapsappgooglKBVXvfEbceVCPN6y8 ቁጥር 2 ሜክሲኮ ከኬኬር ህንፃ በታች አይመን ታወር 2ኛ ፎቅ ሱቅ ቁጥር 210 maphttpsmapsappgooglJju2d2g2Y1WjgUnb9 ከአአ ውጪ ላላችሁ ደንበኞች በ24 ሰአት ውስጥ እንልካለን
-1001135034032,emartzonsportswear,2024-06-30 06:30:41+00:00,ኦሪጅናል ማሊያ 202425 SMLXL2XL ዋጋ 1800 ብር ስልክ 0955015555 0955025555 አሁን ደውለው ይዘዙን ያሉበት ድረስ በፍጥነት እናመጣለን ቁጥር 1 22ማዞሪያ አበጋዝ ሆቴል 3ኛ ፎቅ ሱቅ ቁጥር 44 maphttpsmapsappgooglKBVXvfEbceVCPN6y8 ቁጥር 2 ሜክሲኮ ከኬኬር ህንፃ በታች አይመን ታወር 2ኛ ፎቅ ሱቅ ቁጥር 210 maphttpsmapsappgooglJju2d2g2Y1WjgUnb9 ከአአ ውጪ ላላችሁ ደንበኞች በ24 ሰአት ውስጥ እንልካለን
-1001135034032,emartzonsportswear,2024-06-26 09:53:12+00:00,መቷል ኦሪጅናል ማሊያ 2024 10 SMLXL2XL ዋጋ 2100 ብር ስልክ 0955015555 0955025555 አሁን ደውለው ይዘዙን ያሉበት ድረስ በፍጥነት እናመጣለን ቁጥር 1 22ማዞሪያ አበጋዝ ሆቴል 3ኛ ፎቅ ሱቅ ቁጥር 44 maphttpsmapsappgooglKBVXvfEbceVCPN6y8 ቁጥር 2 ሜክሲኮ ከኬኬር ህንፃ በታች አይመን ታወር 2ኛ ፎቅ ሱቅ ቁጥር 210 maphttpsmapsappgooglJju2d2g2Y1WjgUnb9 ከአአ ውጪ ላላችሁ ደንበኞች በ24 ሰአት ውስጥ እንልካለን
-1001135034032,emartzonsportswear,2024-06-25 07:41:25+00:00,መቷል ኦሪጅናል ማሊያ 2024 SMLXL2XL ዋጋ 2100 ብር ስልክ 0955015555 0955025555 አሁን ደውለው ይዘዙን ያሉበት ድረስ በፍጥነት እናመጣለን ቁጥር 1 22ማዞሪያ አበጋዝ ሆቴል 3ኛ ፎቅ ሱቅ ቁጥር 44 maphttpsmapsappgooglKBVXvfEbceVCPN6y8 ቁጥር 2 ሜክሲኮ ከኬኬር ህንፃ በታች አይመን ታወር 2ኛ ፎቅ ሱቅ ቁጥር 210 maphttpsmapsappgooglJju2d2g2Y1WjgUnb9 ከአአ ውጪ ላላችሁ ደንበኞች በ24 ሰአት ውስጥ እንልካለን
-1001135034032,emartzonsportswear,2024-06-22 07:00:12+00:00,ኦሪጅናል ቱታ 2324 SMLXL2XL ዋጋ 3950 ብር ስልክ 0955015555 0955025555 አሁን ደውለው ይዘዙን ያሉበት ድረስ በፍጥነት እናመጣለን ቁጥር 1 22ማዞሪያ አበጋዝ ሆቴል 3ኛ ፎቅ ሱቅ ቁጥር 44 maphttpsmapsappgooglKBVXvfEbceVCPN6y8 ቁጥር 2 ሜክሲኮ ከኬኬር ህንፃ በታች አይመን ታወር 2ኛ ፎቅ ሱቅ ቁጥር 210 maphttpsmapsappgooglJju2d2g2Y1WjgUnb9 ከአአ ውጪ ላላችሁ ደንበኞች በ24 ሰአት ውስጥ እንልካለን
-1001135034032,emartzonsportswear,2024-06-19 08:10:40+00:00,መቷል ኦሪጅናል ማሊያ 2324 ዋጋ 1700 ብር ስልክ 0955015555 0955025555 አሁን ደውለው ይዘዙን ያሉበት ድረስ በፍጥነት እናመጣለን ቁጥር 1 22ማዞሪያ አበጋዝ ሆቴል 3ኛ ፎቅ ሱቅ ቁጥር 44 maphttpsmapsappgooglKBVXvfEbceVCPN6y8 ቁጥር 2 ሜክሲኮ ከኬኬር ህንፃ በታች አይመን ታወር 2ኛ ፎቅ ሱቅ ቁጥር 210 maphttpsmapsappgooglJju2d2g2Y1WjgUnb9 ከአአ ውጪ ላላችሁ ደንበኞች በ24 ሰአት ውስጥ እንልካለን
-1001135034032,emartzonsportswear,2024-06-18 09:16:45+00:00,ኦሪጅናል ማሊያ 200304 ዋጋ 2100 ብር ስልክ 0955015555 0955025555 አሁን ደውለው ይዘዙን ያሉበት ድረስ በፍጥነት እናመጣለን ቁጥር 1 22ማዞሪያ አበጋዝ ሆቴል 3ኛ ፎቅ ሱቅ ቁጥር 44 maphttpsmapsappgooglKBVXvfEbceVCPN6y8 ቁጥር 2 ሜክሲኮ ከኬኬር ህንፃ በታች አይመን ታወር 2ኛ ፎቅ ሱቅ ቁጥር 210 maphttpsmapsappgooglJju2d2g2Y1WjgUnb9 ከአአ ውጪ ላላችሁ ደንበኞች በ24 ሰአት ውስጥ እንልካለን
-1001135034032,emartzonsportswear,2024-06-18 08:43:26+00:00,መቷል ኦሪጅናል ማሊያ 2024 CR7 SMLXL2XL ዋጋ 2100 ብር ስልክ 0955015555 0955025555 አሁን ደውለው ይዘዙን ያሉበት ድረስ በፍጥነት እናመጣለን ቁጥር 1 22ማዞሪያ አበጋዝ ሆቴል 3ኛ ፎቅ ሱቅ ቁጥር 44 maphttpsmapsappgooglKBVXvfEbceVCPN6y8 ቁጥር 2 ሜክሲኮ ከኬኬር ህንፃ በታች አይመን ታወር 2ኛ ፎቅ ሱቅ ቁጥር 210 maphttpsmapsappgooglJju2d2g2Y1WjgUnb9 ከአአ ውጪ ላላችሁ ደንበኞች በ24 ሰአት ውስጥ እንልካለን
-1001135034032,emartzonsportswear,2024-06-16 05:30:29+00:00,መቷል ኦሪጅናል ማሊያ 2024 SMLXL2XL ዋጋ 2100 ብር ስልክ 0955015555 0955025555 አሁን ደውለው ይዘዙን ያሉበት ድረስ በፍጥነት እናመጣለን ቁጥር 1 22ማዞሪያ አበጋዝ ሆቴል 3ኛ ፎቅ ሱቅ ቁጥር 44 maphttpsmapsappgooglKBVXvfEbceVCPN6y8 ቁጥር 2 ሜክሲኮ ከኬኬር ህንፃ በታች አይመን ታወር 2ኛ ፎቅ ሱቅ ቁጥር 210 maphttpsmapsappgooglJju2d2g2Y1WjgUnb9 ከአአ ውጪ ላላችሁ ደንበኞች በ24 ሰአት ውስጥ እንልካለን
-1001135034032,emartzonsportswear,2024-06-15 07:33:05+00:00,መቷል ኦሪጅናል ማሊያ 20052006 ዋጋ 2100 ብር ስልክ 0955015555 0955025555 አሁን ደውለው ይዘዙን ያሉበት ድረስ በፍጥነት እናመጣለን ቁጥር 1 22ማዞሪያ አበጋዝ ሆቴል 3ኛ ፎቅ ሱቅ ቁጥር 44 maphttpsmapsappgooglKBVXvfEbceVCPN6y8 ቁጥር 2 ሜክሲኮ ከኬኬር ህንፃ በታች አይመን ታወር 2ኛ ፎቅ ሱቅ ቁጥር 210 maphttpsmapsappgooglJju2d2g2Y1WjgUnb9 ከአአ ውጪ ላላችሁ ደንበኞች በ24 ሰአት ውስጥ እንልካለን
-1001135034032,emartzonsportswear,2024-06-14 08:42:30+00:00,መቷል ኦሪጅናል ማሊያ 2024 ዋጋ 2100 ብር ስልክ 0955015555 0955025555 አሁን ደውለው ይዘዙን ያሉበት ድረስ በፍጥነት እናመጣለን ቁጥር 1 22ማዞሪያ አበጋዝ ሆቴል 3ኛ ፎቅ ሱቅ ቁጥር 44 maphttpsmapsappgooglKBVXvfEbceVCPN6y8 ቁጥር 2 ሜክሲኮ ከኬኬር ህንፃ በታች አይመን ታወር 2ኛ ፎቅ ሱቅ ቁጥር 210 maphttpsmapsappgooglJju2d2g2Y1WjgUnb9 ከአአ ውጪ ላላችሁ ደንበኞች በ24 ሰአት ውስጥ እንልካለን
-1001135034032,emartzonsportswear,2024-06-12 08:03:32+00:00,መቷል ኦሪጅናል ማሊያ 202324 ዋጋ 1700 ብር 1800 ብር ስልክ 0955015555 0955025555 አሁን ደውለው ይዘዙን ያሉበት ድረስ በፍጥነት እናመጣለን ቁጥር 1 22ማዞሪያ አበጋዝ ሆቴል 3ኛ ፎቅ ሱቅ ቁጥር 44 maphttpsmapsappgooglKBVXvfEbceVCPN6y8 ቁጥር 2 ሜክሲኮ ከኬኬር ህንፃ በታች አይመን ታወር 2ኛ ፎቅ ሱቅ ቁጥር 210 maphttpsmapsappgooglJju2d2g2Y1WjgUnb9 ከአአ ውጪ ላላችሁ ደንበኞች በ24 ሰአት ውስጥ እንልካለን
-1001135034032,emartzonsportswear,2024-06-04 11:30:05+00:00,መቷል ኦሪጅናል ማሊያ 2024 10 SMLXL2XL ዋጋ 2100 ብር ስልክ 0955015555 0955025555 አሁን ደውለው ይዘዙን ያሉበት ድረስ በፍጥነት እናመጣለን ቁጥር 1 22ማዞሪያ አበጋዝ ሆቴል 3ኛ ፎቅ ሱቅ ቁጥር 44 maphttpsmapsappgooglKBVXvfEbceVCPN6y8 ቁጥር 2 ሜክሲኮ ከኬኬር ህንፃ በታች አይመን ታወር 2ኛ ፎቅ ሱቅ ቁጥር 210 maphttpsmapsappgooglJju2d2g2Y1WjgUnb9 ከአአ ውጪ ላላችሁ ደንበኞች በ24 ሰአት ውስጥ እንልካለን
-1001135034032,emartzonsportswear,2024-06-04 11:23:14+00:00,መቷል ኦሪጅናል ማሊያ 2024 10 SMLXL2XL ዋጋ 2100 ብር ስልክ 0955015555 0955025555 አሁን ደውለው ይዘዙን ያሉበት ድረስ በፍጥነት እናመጣለን ቁጥር 1 22ማዞሪያ አበጋዝ ሆቴል 3ኛ ፎቅ ሱቅ ቁጥር 44 maphttpsmapsappgooglKBVXvfEbceVCPN6y8 ቁጥር 2 ሜክሲኮ ከኬኬር ህንፃ በታች አይመን ታወር 2ኛ ፎቅ ሱቅ ቁጥር 210 maphttpsmapsappgooglJju2d2g2Y1WjgUnb9 ከአአ ውጪ ላላችሁ ደንበኞች በ24 ሰአት ውስጥ እንልካለን
-1001135034032,emartzonsportswear,2024-06-03 08:06:01+00:00,ኦሪጅናል ማሊያ 202324 SMLXL2XL ዋጋ 2950 ብር ስልክ 0955015555 0955025555 አሁን ደውለው ይዘዙን ያሉበት ድረስ በፍጥነት እናመጣለን ቁጥር 1 22ማዞሪያ አበጋዝ ሆቴል 3ኛ ፎቅ ሱቅ ቁጥር 44 maphttpsmapsappgooglKBVXvfEbceVCPN6y8 ቁጥር 2 ሜክሲኮ ከኬኬር ህንፃ በታች አይመን ታወር 2ኛ ፎቅ ሱቅ ቁጥር 210 maphttpsmapsappgooglJju2d2g2Y1WjgUnb9 ከአአ ውጪ ላላችሁ ደንበኞች በ24 ሰአት ውስጥ እንልካለን
-1001135034032,emartzonsportswear,2024-06-03 07:29:58+00:00,መቷል ኦሪጅናል ማሊያ 2024 ዋጋ 2000 ብር ስልክ 0955015555 0955025555 አሁን ደውለው ይዘዙን ያሉበት ድረስ በፍጥነት እናመጣለን ቁጥር 1 22ማዞሪያ አበጋዝ ሆቴል 3ኛ ፎቅ ሱቅ ቁጥር 44 maphttpsmapsappgooglKBVXvfEbceVCPN6y8 ቁጥር 2 ሜክሲኮ ከኬኬር ህንፃ በታች አይመን ታወር 2ኛ ፎቅ ሱቅ ቁጥር 210 maphttpsmapsappgooglJju2d2g2Y1WjgUnb9 ከአአ ውጪ ላላችሁ ደንበኞች በ24 ሰአት ውስጥ እንልካለን
-1001135034032,emartzonsportswear,2024-05-29 05:34:08+00:00,መቷል ኦሪጅናል የልጆች ማሊያ ከነቁምጣው 2024 2 18 ዋጋ 2100 ብር ስልክ 0955015555 0955025555 አሁን ደውለው ይዘዙን ያሉበት ድረስ በፍጥነት እናመጣለን ቁጥር 1 22ማዞሪያ አበጋዝ ሆቴል 3ኛ ፎቅ ሱቅ ቁጥር 44 maphttpsmapsappgooglKBVXvfEbceVCPN6y8 ቁጥር 2 ሜክሲኮ ከኬኬር ህንፃ በታች አይመን ታወር 2ኛ ፎቅ ሱቅ ቁጥር 210 maphttpsmapsappgooglJju2d2g2Y1WjgUnb9 ከአአ ውጪ ላላችሁ ደንበኞች በ24 ሰአት ውስጥ እንልካለን
-1001135034032,emartzonsportswear,2024-05-28 08:23:12+00:00,መቷል ኦሪጅናል ቱታ 2324 ዋጋ 2950 ብር አሁን ደውለው ይዘዙን ያሉበት ድረስ በፍጥነት እናመጣለን ቁጥር 1 22ማዞሪያ አበጋዝ ሆቴል 3ኛ ፎቅ ሱቅ ቁጥር 44 maphttpsmapsappgooglKBVXvfEbceVCPN6y8 ቁጥር 2 ሜክሲኮ ከኬኬር ህንፃ በታች አይመን ታወር 2ኛ ፎቅ ሱቅ ቁጥር 210 maphttpsmapsappgooglJju2d2g2Y1WjgUnb9 ከአአ ውጪ ላላችሁ ደንበኞች በ24 ሰአት ውስጥ እንልካለን
-1001135034032,emartzonsportswear,2024-05-27 08:04:56+00:00,ኦሪጅናል ማሊያ 20022003 ዋጋ 2000 ብር ስልክ 0955015555 0955025555 አሁን ደውለው ይዘዙን ያሉበት ድረስ በፍጥነት እናመጣለን ቁጥር 1 22ማዞሪያ አበጋዝ ሆቴል 3ኛ ፎቅ ሱቅ ቁጥር 44 maphttpsmapsappgooglKBVXvfEbceVCPN6y8 ቁጥር 2 ሜክሲኮ ከኬኬር ህንፃ በታች አይመን ታወር 2ኛ ፎቅ ሱቅ ቁጥር 210 maphttpsmapsappgooglJju2d2g2Y1WjgUnb9 ከአአ ውጪ ላላችሁ ደንበኞች በ24 ሰአት ውስጥ እንልካለን
-1001135034032,emartzonsportswear,2024-05-26 11:41:42+00:00,ኦሪጅናል ማሊያ 2324 ዋጋ 1800 ብር ስልክ 0955015555 0955025555 አሁን ደውለው ይዘዙን ያሉበት ድረስ በፍጥነት እናመጣለን ቁጥር 1 22ማዞሪያ አበጋዝ ሆቴል 3ኛ ፎቅ ሱቅ ቁጥር 44 maphttpsmapsappgooglKBVXvfEbceVCPN6y8 ቁጥር 2 ሜክሲኮ ከኬኬር ህንፃ በታች አይመን ታወር 2ኛ ፎቅ ሱቅ ቁጥር 210 maphttpsmapsappgooglJju2d2g2Y1WjgUnb9 ከአአ ውጪ ላላችሁ ደንበኞች በ24 ሰአት ውስጥ እንልካለን
-1001135034032,emartzonsportswear,2024-05-25 07:10:34+00:00,መቷል ኦሪጅናል ማሊያ 199092 SMLXL2XL ዋጋ 2000 ብር ስልክ 0955015555 0955025555 አሁን ደውለው ይዘዙን ያሉበት ድረስ በፍጥነት እናመጣለን ቁጥር 1 22ማዞሪያ አበጋዝ ሆቴል 3ኛ ፎቅ ሱቅ ቁጥር 44 maphttpsmapsappgooglKBVXvfEbceVCPN6y8 ቁጥር 2 ሜክሲኮ ከኬኬር ህንፃ በታች አይመን ታወር 2ኛ ፎቅ ሱቅ ቁጥር 210 maphttpsmapsappgooglJju2d2g2Y1WjgUnb9 ከአአ ውጪ ላላችሁ ደንበኞች በ24 ሰአት ውስጥ እንልካለን
-1001135034032,emartzonsportswear,2024-05-21 08:47:51+00:00,መቷል ኦሪጅናል ማሊያ 2005 SMLXL2XL ዋጋ 2250 ብር ስልክ 0955015555 0955025555 አሁን ደውለው ይዘዙን ያሉበት ድረስ በፍጥነት እናመጣለን ቁጥር 1 22ማዞሪያ አበጋዝ ሆቴል 3ኛ ፎቅ ሱቅ ቁጥር 44 maphttpsmapsappgooglKBVXvfEbceVCPN6y8 ቁጥር 2 ሜክሲኮ ከኬኬር ህንፃ በታች አይመን ታወር 2ኛ ፎቅ ሱቅ ቁጥር 210 maphttpsmapsappgooglJju2d2g2Y1WjgUnb9 ከአአ ውጪ ላላችሁ ደንበኞች በ24 ሰአት ውስጥ እንልካለን
-1001135034032,emartzonsportswear,2024-05-18 12:12:20+00:00,መቷል ኦሪጅናል ማሊያ 202212 CR7 ዋጋ 2350 ብር ስልክ 0955015555 0955025555 አሁን ደውለው ይዘዙን ያሉበት ድረስ በፍጥነት እናመጣለን ቁጥር 1 22ማዞሪያ አበጋዝ ሆቴል 3ኛ ፎቅ ሱቅ ቁጥር 44 maphttpsmapsappgooglKBVXvfEbceVCPN6y8 ቁጥር 2 ሜክሲኮ ከኬኬር ህንፃ በታች አይመን ታወር 2ኛ ፎቅ ሱቅ ቁጥር 210 maphttpsmapsappgooglJju2d2g2Y1WjgUnb9 ከአአ ውጪ ላላችሁ ደንበኞች በ24 ሰአት ውስጥ እንልካለን
-1001135034032,emartzonsportswear,2024-05-12 08:12:01+00:00,መቷል ኦሪጅናል ማሊያ 199394 7 ዋጋ 2250 ብር ስልክ 0955015555 0955025555 አሁን ደውለው ይዘዙን ያሉበት ድረስ በፍጥነት እናመጣለን ቁጥር 1 22ማዞሪያ አበጋዝ ሆቴል 3ኛ ፎቅ ሱቅ ቁጥር 44 maphttpsmapsappgooglKBVXvfEbceVCPN6y8 ቁጥር 2 ሜክሲኮ ከኬኬር ህንፃ በታች አይመን ታወር 2ኛ ፎቅ ሱቅ ቁጥር 210 maphttpsmapsappgooglJju2d2g2Y1WjgUnb9 ከአአ ውጪ ላላችሁ ደንበኞች በ24 ሰአት ውስጥ እንልካለን
-1001135034032,emartzonsportswear,2024-05-08 07:49:10+00:00,ኦሪጅናል ማሊያ 2324 ዋጋ 1800 ብር ስልክ 0955015555 0955025555 አሁን ደውለው ይዘዙን ያሉበት ድረስ በፍጥነት እናመጣለን ቁጥር 1 22ማዞሪያ አበጋዝ ሆቴል 3ኛ ፎቅ ሱቅ ቁጥር 44 maphttpsmapsappgooglKBVXvfEbceVCPN6y8 ቁጥር 2 ሜክሲኮ ከኬኬር ህንፃ በታች አይመን ታወር 2ኛ ፎቅ ሱቅ ቁጥር 210 maphttpsmapsappgooglJju2d2g2Y1WjgUnb9 ከአአ ውጪ ላላችሁ ደንበኞች በ24 ሰአት ውስጥ እንልካለን
-1001135034032,emartzonsportswear,2024-04-29 11:35:27+00:00,መቷል ኦሪጅናል ማሊያ 20052006 ዋጋ 2250 ብር ስልክ 0955015555 0955025555 አሁን ደውለው ይዘዙን ያሉበት ድረስ በፍጥነት እናመጣለን ቁጥር 1 22ማዞሪያ አበጋዝ ሆቴል 3ኛ ፎቅ ሱቅ ቁጥር 44 maphttpsmapsappgooglKBVXvfEbceVCPN6y8 ቁጥር 2 ሜክሲኮ ከኬኬር ህንፃ በታች አይመን ታወር 2ኛ ፎቅ ሱቅ ቁጥር 210 maphttpsmapsappgooglJju2d2g2Y1WjgUnb9 ከአአ ውጪ ላላችሁ ደንበኞች በ24 ሰአት ውስጥ እንልካለን
-1001135034032,emartzonsportswear,2024-04-28 08:00:54+00:00,መቷል ኦሪጅናል የልጆች ማሊያ ከነቁምጣው 2024 2 18 ዋጋ 1950 ብር ስልክ 0955015555 0955025555 አሁን ደውለው ይዘዙን ያሉበት ድረስ በፍጥነት እናመጣለን ቁጥር 1 22ማዞሪያ አበጋዝ ሆቴል 3ኛ ፎቅ ሱቅ ቁጥር 44 maphttpsmapsappgooglKBVXvfEbceVCPN6y8 ቁጥር 2 ሜክሲኮ ከኬኬር ህንፃ በታች አይመን ታወር 2ኛ ፎቅ ሱቅ ቁጥር 210 maphttpsmapsappgooglJju2d2g2Y1WjgUnb9 ከአአ ውጪ ላላችሁ ደንበኞች በ24 ሰአት ውስጥ እንልካለን
-1001135034032,emartzonsportswear,2024-04-28 06:01:51+00:00,በብዙዎቻቹ ደንበኞቻችን ጥያቄ መሰረት የሜክሲኮ ቅርንጫፋችን እሁድ አገልግሎት እየሰጠ መሆኑን በአክብሮት እንገልፃለን እንዲሁም የስራ ሰአታችንን ከጠዋቱ 300 እስከ ምሽቱ 100 ማደረጋችንን ለመግለፅ እንወዳለን ሜክሲኮ ቅርንጫፍ ስልክ 0955025555 አድራሻ ሜክሲኮ ኬኬር ህንፃ ጎን አይመን ታወር 2ኛ ፎቅ ሱቅ ቁጥር 210
-1001135034032,emartzonsportswear,2024-04-24 09:22:50+00:00,መቷል ኦሪጅናል ማሊያ 2324 ዋጋ 1700 ብር ስልክ 0955015555 0955025555 አሁን ደውለው ይዘዙን ያሉበት ድረስ በፍጥነት እናመጣለን ቁጥር 1 22ማዞሪያ አበጋዝ ሆቴል 3ኛ ፎቅ ሱቅ ቁጥር 44 maphttpsmapsappgooglKBVXvfEbceVCPN6y8 ቁጥር 2 ሜክሲኮ ከኬኬር ህንፃ በታች አይመን ታወር 2ኛ ፎቅ ሱቅ ቁጥር 210 maphttpsmapsappgooglJju2d2g2Y1WjgUnb9 ከአአ ውጪ ላላችሁ ደንበኞች በ24 ሰአት ውስጥ እንልካለን
-1001135034032,emartzonsportswear,2024-04-22 05:35:50+00:00,መቷል ኦሪጅናል ማሊያ 202324 ዋጋ 1700 ብር ስልክ 0955015555 0955025555 አሁን ደውለው ይዘዙን ያሉበት ድረስ በፍጥነት እናመጣለን ቁጥር 1 22ማዞሪያ አበጋዝ ሆቴል 3ኛ ፎቅ ሱቅ ቁጥር 44 maphttpsmapsappgooglKBVXvfEbceVCPN6y8 ቁጥር 2 ሜክሲኮ ከኬኬር ህንፃ በታች አይመን ታወር 2ኛ ፎቅ ሱቅ ቁጥር 210 maphttpsmapsappgooglJju2d2g2Y1WjgUnb9 ከአአ ውጪ ላላችሁ ደንበኞች በ24 ሰአት ውስጥ እንልካለን
-1001135034032,emartzonsportswear,2024-04-18 08:30:19+00:00,መቷል ኦሪጅናል ማሊያ 2324 ዋጋ 1700 ብር ስልክ 0955015555 0955025555 አሁን ደውለው ይዘዙን ያሉበት ድረስ በፍጥነት እናመጣለን ወይም 22ማዞሪያ አበጋዝ ሆቴል 3ኛ ፎቅ ላይ መተው መውሰድ ይችላሉ ከአአ ውጪ ላላችሁ ደንበኞች በ24 ሰአት ውስጥ በEMS ፖስታ እንልካለን
-1001135034032,emartzonsportswear,2024-04-17 09:36:30+00:00,መቷል ኦሪጅናል ማሊያ 2324 SMLXL2XL ዋጋ 1700 ብር ስልክ 0955015555 0955025555 አሁን ደውለው ይዘዙን ያሉበት ድረስ በፍጥነት እናመጣለን ቁጥር 1 22ማዞሪያ አበጋዝ ሆቴል 3ኛ ፎቅ ሱቅ ቁጥር 44 maphttpsmapsappgooglKBVXvfEbceVCPN6y8 ቁጥር 2 ሜክሲኮ ከኬኬር ህንፃ በታች አይመን ታወር 2ኛ ፎቅ ሱቅ ቁጥር 210 maphttpsmapsappgooglJju2d2g2Y1WjgUnb9 ከአአ ውጪ ላላችሁ ደንበኞች በ24 ሰአት ውስጥ እንልካለን
-1001135034032,emartzonsportswear,2024-04-15 10:00:22+00:00,መቷል ኦሪጅናል ጃኬት 202324 SMLXL2XL ዋጋ 3200 ብር ስልክ 0955015555 0955025555 አሁን ደውለው ይዘዙን ያሉበት ድረስ በፍጥነት እናመጣለን ቁጥር 1 22ማዞሪያ አበጋዝ ሆቴል 3ኛ ፎቅ ሱቅ ቁጥር 44 maphttpsmapsappgooglKBVXvfEbceVCPN6y8 ቁጥር 2 ሜክሲኮ ከኬኬር ህንፃ በታች አይመን ታወር 2ኛ ፎቅ ሱቅ ቁጥር 210 maphttpsmapsappgooglJju2d2g2Y1WjgUnb9 ከአአ ውጪ ላላችሁ ደንበኞች በ24 ሰአት ውስጥ እንልካለን
-1001135034032,emartzonsportswear,2024-04-13 05:29:24+00:00,መቷል ኦሪጅናል ቱታ 2324 ዋጋ 3950 ብር ስልክ 0955015555 0955025555 አሁን ደውለው ይዘዙን ያሉበት ድረስ በፍጥነት እናመጣለን ቁጥር 1 22ማዞሪያ አበጋዝ ሆቴል 3ኛ ፎቅ ሱቅ ቁጥር 44 maphttpsmapsappgooglKBVXvfEbceVCPN6y8 ቁጥር 2 ሜክሲኮ ከኬኬር ህንፃ በታች አይመን ታወር 2ኛ ፎቅ ሱቅ ቁጥር 210 maphttpsmapsappgooglJju2d2g2Y1WjgUnb9 ከአአ ውጪ ላላችሁ ደንበኞች በ24 ሰአት ውስጥ እንልካለን
-1001135034032,emartzonsportswear,2024-04-11 11:42:25+00:00,መቷል ኦሪጅናል ማሊያ 199394 7 ዋጋ 2250 ብር ስልክ 0955015555 0955025555 አሁን ደውለው ይዘዙን ያሉበት ድረስ በፍጥነት እናመጣለን ቁጥር 1 22ማዞሪያ አበጋዝ ሆቴል 3ኛ ፎቅ ሱቅ ቁጥር 44 maphttpsmapsappgooglKBVXvfEbceVCPN6y8 ቁጥር 2 ሜክሲኮ ከኬኬር ህንፃ በታች አይመን ታወር 2ኛ ፎቅ ሱቅ ቁጥር 210 maphttpsmapsappgooglJju2d2g2Y1WjgUnb9 ከአአ ውጪ ላላችሁ ደንበኞች በ24 ሰአት ውስጥ እንልካለን
-1001135034032,emartzonsportswear,2024-04-11 11:33:24+00:00,መቷል ኦሪጅናል ማሊያ 20022003 ዋጋ 2000 ብር ስልክ 0955015555 0955025555 አሁን ደውለው ይዘዙን ያሉበት ድረስ በፍጥነት እናመጣለን ቁጥር 1 22ማዞሪያ አበጋዝ ሆቴል 3ኛ ፎቅ ሱቅ ቁጥር 44 maphttpsmapsappgooglKBVXvfEbceVCPN6y8 ቁጥር 2 ሜክሲኮ ከኬኬር ህንፃ በታች አይመን ታወር 2ኛ ፎቅ ሱቅ ቁጥር 210 maphttpsmapsappgooglJju2d2g2Y1WjgUnb9 ከአአ ውጪ ላላችሁ ደንበኞች በ24 ሰአት ውስጥ እንልካለን
-1001135034032,emartzonsportswear,2024-04-09 21:35:25+00:00,እንኳን ለ1445ኛው የኢድ አልፈጥር በዓል በሰላም አደረሳችሁ በዓሉ የሰላምና የፍቅር እንዲሆንላችሁ ልባዊ ምኞታችንን እንገልፃለን ዒድ ሙባረክ
-1001135034032,emartzonsportswear,2024-04-09 07:18:02+00:00,መቷል ኦሪጅናል ማሊያ 2324 SMLXL2XL ዋጋ 1800 ብር ስልክ 0955015555 0955025555 አሁን ደውለው ይዘዙን ያሉበት ድረስ በፍጥነት እናመጣለን ቁጥር 1 22ማዞሪያ አበጋዝ ሆቴል 3ኛ ፎቅ ሱቅ ቁጥር 44 maphttpsmapsappgooglKBVXvfEbceVCPN6y8 ቁጥር 2 ሜክሲኮ ከኬኬር ህንፃ በታች አይመን ታወር 2ኛ ፎቅ ሱቅ ቁጥር 210 maphttpsmapsappgooglJju2d2g2Y1WjgUnb9 ከአአ ውጪ ላላችሁ ደንበኞች በ24 ሰአት ውስጥ እንልካለን
-1001135034032,emartzonsportswear,2024-04-03 13:18:45+00:00,መቷል ኦሪጅናል ማሊያ 199395 SMLXL2XL ዋጋ 2000 ብር ስልክ 0955015555 0955025555 አሁን ደውለው ይዘዙን ያሉበት ድረስ በፍጥነት እናመጣለን ቁጥር 1 22ማዞሪያ አበጋዝ ሆቴል 3ኛ ፎቅ ሱቅ ቁጥር 44 maphttpsmapsappgooglKBVXvfEbceVCPN6y8 ቁጥር 2 ሜክሲኮ ከኬኬር ህንፃ በታች አይመን ታወር 2ኛ ፎቅ ሱቅ ቁጥር 210 maphttpsmapsappgooglJju2d2g2Y1WjgUnb9 ከአአ ውጪ ላላችሁ ደንበኞች በ24 ሰአት ውስጥ እንልካለን
-1001135034032,emartzonsportswear,2024-04-02 13:31:58+00:00,መቷል ኦሪጅናል ማሊያ 2324 ዋጋ 1700 ብር ስልክ 0955015555 0955025555 አሁን ደውለው ይዘዙን ያሉበት ድረስ በፍጥነት እናመጣለን ቁጥር 1 22ማዞሪያ አበጋዝ ሆቴል 3ኛ ፎቅ ሱቅ ቁጥር 44 maphttpsmapsappgooglKBVXvfEbceVCPN6y8 ቁጥር 2 ሜክሲኮ ከኬኬር ህንፃ በታች አይመን ታወር 2ኛ ፎቅ ሱቅ ቁጥር 210 maphttpsmapsappgooglJju2d2g2Y1WjgUnb9 ከአአ ውጪ ላላችሁ ደንበኞች በ24 ሰአት ውስጥ እንልካለን
-1001135034032,emartzonsportswear,2024-03-31 06:51:41+00:00,የምስራች ከኦሪጅናል ማሊያዎቻችን በተጨማሪ በልዩ ቅናሽ እየሸጥን ያለናቸውን ጫማዎችና ሌሎች የስፖርት እቃዎቻችንን ከነዋጋቸው ለማየት ከስር ያለውን በመጫን ይመልከቱ
-1001135034032,emartzonsportswear,2024-03-30 08:38:43+00:00,መቷል ኦሪጅናል ማሊያ 199092 ዋጋ 2000 ብር ስልክ 0955015555 0955025555 አሁን ደውለው ይዘዙን ያሉበት ድረስ በፍጥነት እናመጣለን ወይም 22ማዞሪያ አበጋዝ ሆቴል 3ኛ ፎቅ ላይ መተው መውሰድ ይችላሉ ከአአ ውጪ ላላችሁ ደንበኞች በ24 ሰአት ውስጥ በEMS ፖስታ እንልካለን
-1001135034032,emartzonsportswear,2024-03-27 09:54:42+00:00,መቷል ኦሪጅናል ማሊያ 0304 ዋጋ 2000 ብር ስልክ 0955015555 0955025555 አሁን ደውለው ይዘዙን ያሉበት ድረስ በፍጥነት እናመጣለን ቁጥር 1 22ማዞሪያ አበጋዝ ሆቴል 3ኛ ፎቅ ሱቅ ቁጥር 44 maphttpsmapsappgooglKBVXvfEbceVCPN6y8 ቁጥር 2 ሜክሲኮ ከኬኬር ህንፃ በታች አይመን ታወር 2ኛ ፎቅ ሱቅ ቁጥር 210 maphttpsmapsappgooglJju2d2g2Y1WjgUnb9 ከአአ ውጪ ላላችሁ ደንበኞች በ24 ሰአት ውስጥ እንልካለን
-1001135034032,emartzonsportswear,2024-03-22 06:14:51+00:00,መቷል ኦሪጅናል ማሊያ 3 No10 ዋጋ 2000 ብር ስልክ 0955015555 0955025555 አሁን ደውለው ይዘዙን ያሉበት ድረስ በፍጥነት እናመጣለን ወይም 22ማዞሪያ አበጋዝ ሆቴል 3ኛ ፎቅ ላይ መተው መውሰድ ይችላሉ ከአአ ውጪ ላላችሁ ደንበኞች በ24 ሰአት ውስጥ በEMS ፖስታ እንልካለን
-1001135034032,emartzonsportswear,2024-03-19 09:15:47+00:00,
-1001135034032,emartzonsportswear,2024-03-18 09:07:54+00:00,መቷል ኦሪጅናል ማሊያ 202324 ዋጋ 1700 ብር ስልክ 0955015555 0955025555 አሁን ደውለው ይዘዙን ያሉበት ድረስ በፍጥነት እናመጣለን ቁጥር 1 22ማዞሪያ አበጋዝ ሆቴል 3ኛ ፎቅ ሱቅ ቁጥር 44 maphttpsmapsappgooglKBVXvfEbceVCPN6y8 ቁጥር 2 ሜክሲኮ ከኬኬር ህንፃ በታች አይመን ታወር 2ኛ ፎቅ ሱቅ ቁጥር 210 maphttpsmapsappgooglJju2d2g2Y1WjgUnb9 ከአአ ውጪ ላላችሁ ደንበኞች በ24 ሰአት ውስጥ እንልካለን
-1001135034032,emartzonsportswear,2024-03-14 08:47:46+00:00,መቷል ኦሪጅናል ማሊያ 202324 ዋጋ 1700 ብር 1800 ብር ስልክ 0955015555 0955025555 አሁን ደውለው ይዘዙን ያሉበት ድረስ በፍጥነት እናመጣለን ቁጥር 1 22ማዞሪያ አበጋዝ ሆቴል 3ኛ ፎቅ ሱቅ ቁጥር 44 maphttpsmapsappgooglKBVXvfEbceVCPN6y8 ቁጥር 2 ሜክሲኮ ከኬኬር ህንፃ በታች አይመን ታወር 2ኛ ፎቅ ሱቅ ቁጥር 210 maphttpsmapsappgooglJju2d2g2Y1WjgUnb9 ከአአ ውጪ ላላችሁ ደንበኞች በ24 ሰአት ውስጥ እንልካለን
-1001135034032,emartzonsportswear,2024-03-11 11:19:34+00:00,መቷል ኦሪጅናል ማሊያ 200304 ዋጋ 2000 ብር ስልክ 0955015555 0955025555 አሁን ደውለው ይዘዙን ያሉበት ድረስ በፍጥነት እናመጣለን ወይም 22ማዞሪያ አበጋዝ ሆቴል 3ኛ ፎቅ ላይ መተው መውሰድ ይችላሉ ከአአ ውጪ ላላችሁ ደንበኞች በ24 ሰአት ውስጥ በEMS ፖስታ እንልካለን
-1001135034032,emartzonsportswear,2024-03-10 07:20:57+00:00,ይገምቱ
-1001135034032,emartzonsportswear,2024-03-10 07:05:34+00:00,መቷል ኦሪጅናል ማሊያ 202324 ዋጋ 1700 ብር ስልክ 0955015555 0955025555 አሁን ደውለው ይዘዙን ያሉበት ድረስ በፍጥነት እናመጣለን ቁጥር 1 22ማዞሪያ አበጋዝ ሆቴል 3ኛ ፎቅ ሱቅ ቁጥር 44 maphttpsmapsappgooglKBVXvfEbceVCPN6y8 ቁጥር 2 ሜክሲኮ ከኬኬር ህንፃ በታች አይመን ታወር 2ኛ ፎቅ ሱቅ ቁጥር 210 maphttpsmapsappgooglJju2d2g2Y1WjgUnb9 ከአአ ውጪ ላላችሁ ደንበኞች በ24 ሰአት ውስጥ እንልካለን
-1001135034032,emartzonsportswear,2024-03-09 12:09:13+00:00,መቷል ኦሪጅናል ማሊያ 2324 3rd ዋጋ 1700 ብር ስልክ 0955015555 0955025555 አሁን ደውለው ይዘዙን ያሉበት ድረስ በፍጥነት እናመጣለን ቁጥር 1 22ማዞሪያ አበጋዝ ሆቴል 3ኛ ፎቅ ሱቅ ቁጥር 44 maphttpsmapsappgooglKBVXvfEbceVCPN6y8 ቁጥር 2 ሜክሲኮ ከኬኬር ህንፃ በታች አይመን ታወር 2ኛ ፎቅ ሱቅ ቁጥር 210 maphttpsmapsappgooglJju2d2g2Y1WjgUnb9 ከአአ ውጪ ላላችሁ ደንበኞች በ24 ሰአት ውስጥ እንልካለን
-1001135034032,emartzonsportswear,2024-03-09 10:07:34+00:00,መቷል ኦሪጅናል ኳስ 5 ዋጋ 2900 ብር ስልክ 0955015555 0955025555 አሁን ደውለው ይዘዙን ያሉበት ድረስ በፍጥነት እናመጣለን ቁጥር 1 22ማዞሪያ አበጋዝ ሆቴል 3ኛ ፎቅ ሱቅ ቁጥር 44 maphttpsmapsappgooglKBVXvfEbceVCPN6y8 ቁጥር 2 ሜክሲኮ ከኬኬር ህንፃ በታች አይመን ታወር 2ኛ ፎቅ ሱቅ ቁጥር 210 maphttpsmapsappgooglJju2d2g2Y1WjgUnb9 ከአአ ውጪ ላላችሁ ደንበኞች በ24 ሰአት ውስጥ እንልካለን
-1001135034032,emartzonsportswear,2024-03-08 18:23:04+00:00,መቷል ኦሪጅናል ቱታ 2324 14 ዋጋ 2950 ብር ስልክ 0955015555 0955025555 አሁን ደውለው ይዘዙን ያሉበት ድረስ በፍጥነት እናመጣለን ቁጥር 1 22ማዞሪያ አበጋዝ ሆቴል 3ኛ ፎቅ ሱቅ ቁጥር 44 maphttpsmapsappgooglKBVXvfEbceVCPN6y8 ቁጥር 2 ሜክሲኮ ከኬኬር ህንፃ በታች አይመን ታወር 2ኛ ፎቅ ሱቅ ቁጥር 210 maphttpsmapsappgooglJju2d2g2Y1WjgUnb9 ከአአ ውጪ ላላችሁ ደንበኞች በ24 ሰአት ውስጥ እንልካለን
-1001135034032,emartzonsportswear,2024-03-08 09:44:44+00:00,መቷል ኦሪጅናል ማሊያ 2324 SMLXL2XL ዋጋ 1800 ብር ስልክ 0955015555 0955025555 አሁን ደውለው ይዘዙን ያሉበት ድረስ በፍጥነት እናመጣለን ቁጥር 1 22ማዞሪያ አበጋዝ ሆቴል 3ኛ ፎቅ ሱቅ ቁጥር 44 maphttpsmapsappgooglKBVXvfEbceVCPN6y8 ቁጥር 2 ሜክሲኮ ከኬኬር ህንፃ በታች አይመን ታወር 2ኛ ፎቅ ሱቅ ቁጥር 210 maphttpsmapsappgooglJju2d2g2Y1WjgUnb9 ከአአ ውጪ ላላችሁ ደንበኞች በ24 ሰአት ውስጥ እንልካለን
-1001135034032,emartzonsportswear,2024-03-07 08:27:27+00:00,መቷል ኦሪጅናል ማሊያ 2024 SMLXL2XL ዋጋ 1700 ብር ስልክ 0955015555 0955025555 አሁን ደውለው ይዘዙን ያሉበት ድረስ በፍጥነት እናመጣለን ቁጥር 1 22ማዞሪያ አበጋዝ ሆቴል 3ኛ ፎቅ ሱቅ ቁጥር 44 maphttpsmapsappgooglKBVXvfEbceVCPN6y8 ቁጥር 2 ሜክሲኮ ከኬኬር ህንፃ በታች አይመን ታወር 2ኛ ፎቅ ሱቅ ቁጥር 210 maphttpsmapsappgooglJju2d2g2Y1WjgUnb9 ከአአ ውጪ ላላችሁ ደንበኞች በ24 ሰአት ውስጥ እንልካለን
-1001135034032,emartzonsportswear,2024-03-04 09:35:44+00:00,መቷል ኦሪጅናል ማሊያ 202324 SMLXL2XL ዋጋ 2000 ብር ስልክ 0955015555 0955025555 አሁን ደውለው ይዘዙን ያሉበት ድረስ በፍጥነት እናመጣለን ቁጥር 1 22ማዞሪያ አበጋዝ ሆቴል 3ኛ ፎቅ ሱቅ ቁጥር 44 maphttpsmapsappgooglKBVXvfEbceVCPN6y8 ቁጥር 2 ሜክሲኮ ከኬኬር ህንፃ በታች አይመን ታወር 2ኛ ፎቅ ሱቅ ቁጥር 210 maphttpsmapsappgooglJju2d2g2Y1WjgUnb9 ከአአ ውጪ ላላችሁ ደንበኞች በ24 ሰአት ውስጥ እንልካለን
-1001135034032,emartzonsportswear,2024-03-04 09:17:51+00:00,መቷል ኦሪጅናል ማሊያ 199395 SMLXL2XL ዋጋ 2000 ብር ስልክ 0955015555 0955025555 አሁን ደውለው ይዘዙን ያሉበት ድረስ በፍጥነት እናመጣለን ቁጥር 1 22ማዞሪያ አበጋዝ ሆቴል 3ኛ ፎቅ ሱቅ ቁጥር 44 maphttpsmapsappgooglKBVXvfEbceVCPN6y8 ቁጥር 2 ሜክሲኮ ከኬኬር ህንፃ በታች አይመን ታወር 2ኛ ፎቅ ሱቅ ቁጥር 210 maphttpsmapsappgooglJju2d2g2Y1WjgUnb9 ከአአ ውጪ ላላችሁ ደንበኞች በ24 ሰአት ውስጥ እንልካለን
-1001135034032,emartzonsportswear,2024-03-04 06:05:00+00:00,መቷል ኦሪጅናል ማሊያ 2324 SMLXL2XL ዋጋ 1700 ብር ስልክ 0955015555 0955025555 አሁን ደውለው ይዘዙን ያሉበት ድረስ በፍጥነት እናመጣለን ቁጥር 1 22ማዞሪያ አበጋዝ ሆቴል 3ኛ ፎቅ ሱቅ ቁጥር 44 maphttpsmapsappgooglKBVXvfEbceVCPN6y8 ቁጥር 2 ሜክሲኮ ከኬኬር ህንፃ በታች አይመን ታወር 2ኛ ፎቅ ሱቅ ቁጥር 210 maphttpsmapsappgooglJju2d2g2Y1WjgUnb9 ከአአ ውጪ ላላችሁ ደንበኞች በ24 ሰአት ውስጥ እንልካለን
-1001135034032,emartzonsportswear,2024-02-28 09:14:48+00:00,መቷል ኦሪጅናል ማሊያ 202324 ዋጋ 1700 ብር ስልክ 0955015555 0955025555 አሁን ደውለው ይዘዙን ያሉበት ድረስ በፍጥነት እናመጣለን ወይም 22ማዞሪያ አበጋዝ ሆቴል 3ኛ ፎቅ ላይ መተው መውሰድ ይችላሉ ከአአ ውጪ ላላችሁ ደንበኞች በ24 ሰአት ውስጥ በEMS ፖስታ እንልካለን
-1001135034032,emartzonsportswear,2024-02-26 10:42:17+00:00,መቷል ኦሪጅናል የልጆች ማሊያ ከነቁምጣው 2324 2 18 ዋጋ 1950 ብር ስልክ 0955015555 0955025555 አሁን ደውለው ይዘዙን ያሉበት ድረስ በፍጥነት እናመጣለን ቁጥር 1 22ማዞሪያ አበጋዝ ሆቴል 3ኛ ፎቅ ሱቅ ቁጥር 44 maphttpsmapsappgooglKBVXvfEbceVCPN6y8 ቁጥር 2 ሜክሲኮ ከኬኬር ህንፃ በታች አይመን ታወር 2ኛ ፎቅ ሱቅ ቁጥር 210 maphttpsmapsappgooglJju2d2g2Y1WjgUnb9 ከአአ ውጪ ላላችሁ ደንበኞች በ24 ሰአት ውስጥ እንልካለን
-1001135034032,emartzonsportswear,2024-02-24 12:48:27+00:00,ይገምቱ
-1001135034032,emartzonsportswear,2024-02-24 12:06:31+00:00,መቷል ኦሪጅናል ማሊያ 199293 ዋጋ 2000 ብር ስልክ 0955015555 0955025555 አሁን ደውለው ይዘዙን ያሉበት ድረስ በፍጥነት እናመጣለን ወይም 22ማዞሪያ አበጋዝ ሆቴል 3ኛ ፎቅ ላይ መተው መውሰድ ይችላሉ ከአአ ውጪ ላላችሁ ደንበኞች በ24 ሰአት ውስጥ በEMS ፖስታ እንልካለን
-1001135034032,emartzonsportswear,2024-02-22 10:34:01+00:00,
-1001135034032,emartzonsportswear,2024-02-22 10:33:00+00:00,መቷል ኦሪጅናል ማሊያ 202324 ዋጋ 1700 ብር ስልክ 0955015555 0955025555 አሁን ደውለው ይዘዙን ያሉበት ድረስ በፍጥነት እናመጣለን ወይም 22ማዞሪያ አበጋዝ ሆቴል 3ኛ ፎቅ ላይ መተው መውሰድ ይችላሉ ከአአ ውጪ ላላችሁ ደንበኞች በ24 ሰአት ውስጥ በEMS ፖስታ እንልካለን
-1001135034032,emartzonsportswear,2024-02-22 06:00:20+00:00,እንኳን ደስ አለን አዲሱ ቅርንጫፋችን ዛሬ ተከፍቶ ለአገልግሎት ክፍት ሆኗል እስከፊታችን እሁድ ድረስ አዲሱ ሱቃችን መቶ ለሚገዛ በሁሉም እቃዎቻችን ላይ የ 20 ቅናሽ አድርገናል አድራሻ ሜክሲኮ ከኬኬር ህንፃ ዝቅ ብሎ አይመን ታወር 2ኛ ፎቅ የሱቅ ቁጥር 210 0955015555 0955025555
-1001135034032,emartzonsportswear,2024-02-20 07:59:28+00:00,መቷል ኦሪጅናል ማሊያ 199899 ዋጋ 2000 ብር ስልክ 0955015555 0955025555 አሁን ደውለው ይዘዙን ያሉበት ድረስ በፍጥነት እናመጣለን ወይም 22ማዞሪያ አበጋዝ ሆቴል 3ኛ ፎቅ ላይ መተው መውሰድ ይችላሉ ከአአ ውጪ ላላችሁ ደንበኞች በ24 ሰአት ውስጥ በEMS ፖስታ እንልካለን
-1001135034032,emartzonsportswear,2024-02-17 10:01:21+00:00,ይገምቱ
-1001135034032,emartzonsportswear,2024-02-17 06:43:22+00:00,መቷል ኦሪጅናል ማሊያ 199596 ዋጋ 2000 ብር ስልክ 0955015555 0955025555 አሁን ደውለው ይዘዙን ያሉበት ድረስ በፍጥነት እናመጣለን ወይም 22ማዞሪያ አበጋዝ ሆቴል 3ኛ ፎቅ ላይ መተው መውሰድ ይችላሉ ከአአ ውጪ ላላችሁ ደንበኞች በ24 ሰአት ውስጥ በEMS ፖስታ እንልካለን
-1001135034032,emartzonsportswear,2024-02-14 09:58:40+00:00,
-1001135034032,emartzonsportswear,2024-02-12 08:06:57+00:00,መቷል ኦሪጅናል ማሊያ 202324 ዋጋ 1800 ብር ስልክ 0955015555 0955025555 አሁን ደውለው ይዘዙን ያሉበት ድረስ በፍጥነት እናመጣለን ወይም 22ማዞሪያ አበጋዝ ሆቴል 3ኛ ፎቅ ላይ መተው መውሰድ ይችላሉ ከአአ ውጪ ላላችሁ ደንበኞች በ24 ሰአት ውስጥ በEMS ፖስታ እንልካለን
-1001135034032,emartzonsportswear,2024-02-10 09:32:11+00:00,መቷል ኦሪጅናል ቱታ 2324 ዋጋ 3950 ብር ስልክ 0955015555 0955025555 አሁን ደውለው ይዘዙን ያሉበት ድረስ በፍጥነት እናመጣለን ወይም 22ማዞሪያ አበጋዝ ሆቴል 3ኛ ፎቅ ላይ መተው መውሰድ ይችላሉ ከአአ ውጪ ላላችሁ ደንበኞች በ24 ሰአት ውስጥ በEMS ፖስታ እንልካለን
-1001135034032,emartzonsportswear,2024-02-07 08:12:26+00:00,መቷል ኦሪጅናል ቱታ 2324 14 ዋጋ 2950 ብር ስልክ 0955015555 0955025555 አሁን ደውለው ይዘዙን ያሉበት ድረስ በፍጥነት እናመጣለን ወይም 22ማዞሪያ አበጋዝ ሆቴል 3ኛ ፎቅ ላይ መተው መውሰድ ይችላሉ ከአአ ውጪ ላላችሁ ደንበኞች በ24 ሰአት ውስጥ በEMS ፖስታ እንልካለን
-1001135034032,emartzonsportswear,2024-02-06 09:45:13+00:00,መቷል ኦሪጅናል ቱታ 2324 ዋጋ 3950 ብር ስልክ 0955015555 0955025555 አሁን ደውለው ይዘዙን ያሉበት ድረስ በፍጥነት እናመጣለን ወይም 22ማዞሪያ አበጋዝ ሆቴል 3ኛ ፎቅ ላይ መተው መውሰድ ይችላሉ ከአአ ውጪ ላላችሁ ደንበኞች በ24 ሰአት ውስጥ በEMS ፖስታ እንልካለን
-1001135034032,emartzonsportswear,2024-02-06 09:43:12+00:00,መቷል ኦሪጅናል ቱታ 2324 ዋጋ 2950 ብር ስልክ 0955015555 0955025555 አሁን ደውለው ይዘዙን ያሉበት ድረስ በፍጥነት እናመጣለን ወይም 22ማዞሪያ አበጋዝ ሆቴል 3ኛ ፎቅ ላይ መተው መውሰድ ይችላሉ ከአአ ውጪ ላላችሁ ደንበኞች በ24 ሰአት ውስጥ በEMS ፖስታ እንልካለን
-1001135034032,emartzonsportswear,2024-02-05 06:24:23+00:00,መቷል ኦሪጅናል ማሊያ 2324 CR7 ዋጋ 2000 ብር ስልክ 0955015555 0955025555 አሁን ደውለው ይዘዙን ያሉበት ድረስ በፍጥነት እናመጣለን ወይም 22ማዞሪያ አበጋዝ ሆቴል 3ኛ ፎቅ ላይ መተው መውሰድ ይችላሉ ከአአ ውጪ ላላችሁ ደንበኞች በ24 ሰአት ውስጥ በEMS ፖስታ እንልካለን
-1001135034032,emartzonsportswear,2024-02-05 06:21:05+00:00,ኦሪጅናል ማሊያ 2008 7 ዋጋ 2250 ብር ስልክ 0955015555 0955025555 አሁን ደውለው ይዘዙን ያሉበት ድረስ በፍጥነት እናመጣለን ወይም 22ማዞሪያ አበጋዝ ሆቴል 3ኛ ፎቅ ላይ መተው መውሰድ ይችላሉ ከአአ ውጪ ላላችሁ ደንበኞች በ24 ሰአት ውስጥ በEMS ፖስታ እንልካለን
-1001135034032,emartzonsportswear,2024-02-03 11:49:49+00:00,መቷል ኦሪጅናል ማሊያ 199899 ዋጋ 2000 ብር ስልክ 0955015555 0955025555 አሁን ደውለው ይዘዙን ያሉበት ድረስ በፍጥነት እናመጣለን ወይም 22ማዞሪያ አበጋዝ ሆቴል 3ኛ ፎቅ ላይ መተው መውሰድ ይችላሉ ከአአ ውጪ ላላችሁ ደንበኞች በ24 ሰአት ውስጥ በEMS ፖስታ እንልካለን
-1001135034032,emartzonsportswear,2024-01-31 08:37:16+00:00,መቷል ኦሪጅናል ቱታ 2324 ዋጋ 3950 ብር ስልክ 0955015555 0955025555 አሁን ደውለው ይዘዙን ያሉበት ድረስ በፍጥነት እናመጣለን ወይም 22ማዞሪያ አበጋዝ ሆቴል 3ኛ ፎቅ ላይ መተው መውሰድ ይችላሉ ከአአ ውጪ ላላችሁ ደንበኞች በ24 ሰአት ውስጥ በEMS ፖስታ እንልካለን
-1001135034032,emartzonsportswear,2024-01-29 09:35:44+00:00,መቷል ኦሪጅናል ቱታ 2324 14 ዋጋ 2950 ብር ስልክ 0955015555 0955025555 አሁን ደውለው ይዘዙን ያሉበት ድረስ በፍጥነት እናመጣለን ወይም 22ማዞሪያ አበጋዝ ሆቴል 3ኛ ፎቅ ላይ መተው መውሰድ ይችላሉ ከአአ ውጪ ላላችሁ ደንበኞች በ24 ሰአት ውስጥ በEMS ፖስታ እንልካለን
-1001135034032,emartzonsportswear,2024-01-27 06:06:48+00:00,መቷል ኦሪጅናል ማሊያ 199899 ዋጋ 2000 ብር ስልክ 0955015555 0955025555 አሁን ደውለው ይዘዙን ያሉበት ድረስ በፍጥነት እናመጣለን ወይም 22ማዞሪያ አበጋዝ ሆቴል 3ኛ ፎቅ ላይ መተው መውሰድ ይችላሉ ከአአ ውጪ ላላችሁ ደንበኞች በ24 ሰአት ውስጥ በEMS ፖስታ እንልካለን
-1001135034032,emartzonsportswear,2024-01-24 08:52:21+00:00,መቷል ኦሪጅናል ማሊያ 2324 3rd ዋጋ 1700 ብር ስልክ 0955015555 0955025555 አሁን ደውለው ይዘዙን ያሉበት ድረስ በፍጥነት እናመጣለን ወይም 22ማዞሪያ አበጋዝ ሆቴል 3ኛ ፎቅ ላይ መተው መውሰድ ይችላሉ ከአአ ውጪ ላላችሁ ደንበኞች በ24 ሰአት ውስጥ በEMS ፖስታ እንልካለን
-1001135034032,emartzonsportswear,2024-01-23 07:35:49+00:00,መቷል ኦሪጅናል ማሊያ 202223 ዋጋ 1700 ብር ስልክ 0955015555 0955025555 አሁን ደውለው ይዘዙን ያሉበት ድረስ በፍጥነት እናመጣለን ወይም 22ማዞሪያ አበጋዝ ሆቴል 3ኛ ፎቅ ላይ መተው መውሰድ ይችላሉ ከአአ ውጪ ላላችሁ ደንበኞች በ24 ሰአት ውስጥ በEMS ፖስታ እንልካለን
-1001135034032,emartzonsportswear,2024-01-22 08:37:26+00:00,መቷል ኦሪጅናል ማሊያ 202324 ዋጋ 1800 ብር ስልክ 0955015555 0955025555 አሁን ደውለው ይዘዙን ያሉበት ድረስ በፍጥነት እናመጣለን ወይም 22ማዞሪያ አበጋዝ ሆቴል 3ኛ ፎቅ ላይ መተው መውሰድ ይችላሉ ከአአ ውጪ ላላችሁ ደንበኞች በ24 ሰአት ውስጥ በEMS ፖስታ እንልካለን
-1001135034032,emartzonsportswear,2024-01-19 18:39:30+00:00,እንኳን ለብርሀነ ጥምቀቱ በሰላም አደረሳችሁ
-1001135034032,emartzonsportswear,2024-01-17 09:15:18+00:00,መቷል ኦሪጅናል ማሊያ 20022003 ዋጋ 2000 ብር ስልክ 0955015555 0955025555 አሁን ደውለው ይዘዙን ያሉበት ድረስ በፍጥነት እናመጣለን ወይም 22ማዞሪያ አበጋዝ ሆቴል 3ኛ ፎቅ ላይ መተው መውሰድ ይችላሉ ከአአ ውጪ ላላችሁ ደንበኞች በ24 ሰአት ውስጥ በEMS ፖስታ እንልካለን
-1001135034032,emartzonsportswear,2024-01-12 06:14:53+00:00,መቷል ኦሪጅናል ማሊያ 202324 ዋጋ 1700 ብር ስልክ 0955015555 0955025555 አሁን ደውለው ይዘዙን ያሉበት ድረስ በፍጥነት እናመጣለን ወይም 22ማዞሪያ አበጋዝ ሆቴል 3ኛ ፎቅ ላይ መተው መውሰድ ይችላሉ ከአአ ውጪ ላላችሁ ደንበኞች በ24 ሰአት ውስጥ በEMS ፖስታ እንልካለን
-1001135034032,emartzonsportswear,2024-01-11 10:57:47+00:00,መቷል ኦሪጅናል ማሊያ 2324 ዋጋ 1700 ብር ስልክ 0955015555 0955025555 አሁን ደውለው ይዘዙን ያሉበት ድረስ በፍጥነት እናመጣለን ወይም 22ማዞሪያ አበጋዝ ሆቴል 3ኛ ፎቅ ላይ መተው መውሰድ ይችላሉ ከአአ ውጪ ላላችሁ ደንበኞች በ24 ሰአት ውስጥ በEMS ፖስታ እንልካለን
-1001135034032,emartzonsportswear,2024-01-10 11:54:44+00:00,መቷል ኦሪጅናል ማሊያ 202324 ዋጋ 1700 ብር ስልክ 0955015555 0955025555 አሁን ደውለው ይዘዙን ያሉበት ድረስ በፍጥነት እናመጣለን ወይም 22ማዞሪያ አበጋዝ ሆቴል 3ኛ ፎቅ ላይ መተው መውሰድ ይችላሉ ከአአ ውጪ ላላችሁ ደንበኞች በ24 ሰአት ውስጥ በEMS ፖስታ እንልካለን
-1001135034032,emartzonsportswear,2024-01-09 08:55:20+00:00,መቷል ኦሪጅናል ማሊያ 202324 ዋጋ 1700 ብር ስልክ 0955015555 0955025555 አሁን ደውለው ይዘዙን ያሉበት ድረስ በፍጥነት እናመጣለን ወይም 22ማዞሪያ አበጋዝ ሆቴል 3ኛ ፎቅ ላይ መተው መውሰድ ይችላሉ ከአአ ውጪ ላላችሁ ደንበኞች በ24 ሰአት ውስጥ በEMS ፖስታ እንልካለን
-1001135034032,emartzonsportswear,2024-01-06 20:16:21+00:00,እንኳን ለብርሀነ ልደቱ በሰላም አደረሳችሁ
-1001135034032,emartzonsportswear,2024-01-06 10:03:33+00:00,መቷል ኦሪጅናል ማሊያ 202324 3rd ዋጋ 1700 ብር ስልክ 0955015555 0955025555 አሁን ደውለው ይዘዙን ያሉበት ድረስ በፍጥነት እናመጣለን ወይም 22ማዞሪያ አበጋዝ ሆቴል 3ኛ ፎቅ ላይ መተው መውሰድ ይችላሉ ከአአ ውጪ ላላችሁ ደንበኞች በ24 ሰአት ውስጥ በEMS ፖስታ እንልካለን
-1001135034032,emartzonsportswear,2024-01-04 06:41:21+00:00,መቷል ኦሪጅናል ማሊያ 202324 ዋጋ 1700 ብር ስልክ 0955015555 0955025555 አሁን ደውለው ይዘዙን ያሉበት ድረስ በፍጥነት እናመጣለን ወይም 22ማዞሪያ አበጋዝ ሆቴል 3ኛ ፎቅ ላይ መተው መውሰድ ይችላሉ ከአአ ውጪ ላላችሁ ደንበኞች በ24 ሰአት ውስጥ በEMS ፖስታ እንልካለን
-1001135034032,emartzonsportswear,2024-01-04 06:29:18+00:00,መቷል ኦሪጅናል ማሊያ 9798 ዋጋ 2000 ብር ስልክ 0955015555 0955025555 አሁን ደውለው ይዘዙን ያሉበት ድረስ በፍጥነት እናመጣለን ወይም 22ማዞሪያ አበጋዝ ሆቴል 3ኛ ፎቅ ላይ መተው መውሰድ ይችላሉ ከአአ ውጪ ላላችሁ ደንበኞች በ24 ሰአት ውስጥ በEMS ፖስታ እንልካለን
-1001135034032,emartzonsportswear,2024-01-04 06:26:30+00:00,መቷል ኦሪጅናል ማሊያ 3 No10 ዋጋ 2000 ብር ስልክ 0955015555 0955025555 አሁን ደውለው ይዘዙን ያሉበት ድረስ በፍጥነት እናመጣለን ወይም 22ማዞሪያ አበጋዝ ሆቴል 3ኛ ፎቅ ላይ መተው መውሰድ ይችላሉ ከአአ ውጪ ላላችሁ ደንበኞች በ24 ሰአት ውስጥ በEMS ፖስታ እንልካለን
-1001135034032,emartzonsportswear,2024-01-01 11:28:43+00:00,ይገምቱ
-1001135034032,emartzonsportswear,2024-01-01 09:00:15+00:00,መቷል ኦሪጅናል ማሊያ 200304 ዋጋ 2000 ብር ስልክ 0955015555 0955025555 አሁን ደውለው ይዘዙን ያሉበት ድረስ በፍጥነት እናመጣለን ወይም 22ማዞሪያ አበጋዝ ሆቴል 3ኛ ፎቅ ላይ መተው መውሰድ ይችላሉ ከአአ ውጪ ላላችሁ ደንበኞች በ24 ሰአት ውስጥ በEMS ፖስታ እንልካለን
-1001135034032,emartzonsportswear,2023-12-28 11:33:29+00:00,ይገምቱ
-1001135034032,emartzonsportswear,2023-12-27 06:12:38+00:00,መቷል ኦሪጅናል ማሊያ 202324 ዋጋ 1700 ብር ስልክ 0955015555 0955025555 አሁን ደውለው ይዘዙን ያሉበት ድረስ በፍጥነት እናመጣለን ወይም 22ማዞሪያ አበጋዝ ሆቴል 3ኛ ፎቅ ላይ መተው መውሰድ ይችላሉ ከአአ ውጪ ላላችሁ ደንበኞች በ24 ሰአት ውስጥ በEMS ፖስታ እንልካለን
-1001135034032,emartzonsportswear,2023-12-26 10:33:15+00:00,መቷል ኦሪጅናል ማሊያ 202324 ዋጋ 1700 ብር ስልክ 0955015555 0955025555 አሁን ደውለው ይዘዙን ያሉበት ድረስ በፍጥነት እናመጣለን ወይም 22ማዞሪያ አበጋዝ ሆቴል 3ኛ ፎቅ ላይ መተው መውሰድ ይችላሉ ከአአ ውጪ ላላችሁ ደንበኞች በ24 ሰአት ውስጥ በEMS ፖስታ እንልካለን
-1001135034032,emartzonsportswear,2023-12-26 05:24:15+00:00,መቷል ኦሪጅናል ማሊያ 202324 ዋጋ 1700 ብር ስልክ 0955015555 0955025555 አሁን ደውለው ይዘዙን ያሉበት ድረስ በፍጥነት እናመጣለን ወይም 22ማዞሪያ አበጋዝ ሆቴል 3ኛ ፎቅ ላይ መተው መውሰድ ይችላሉ ከአአ ውጪ ላላችሁ ደንበኞች በ24 ሰአት ውስጥ በEMS ፖስታ እንልካለን
-1001135034032,emartzonsportswear,2023-12-23 09:30:34+00:00,ይገምቱ
-1001135034032,emartzonsportswear,2023-12-23 05:41:08+00:00,መቷል ኦሪጅናል ማሊያ 202324 3rd ዋጋ 1700 ብር ስልክ 0955015555 0955025555 አሁን ደውለው ይዘዙን ያሉበት ድረስ በፍጥነት እናመጣለን ወይም 22ማዞሪያ አበጋዝ ሆቴል 3ኛ ፎቅ ላይ መተው መውሰድ ይችላሉ ከአአ ውጪ ላላችሁ ደንበኞች በ24 ሰአት ውስጥ በEMS ፖስታ እንልካለን
-1001135034032,emartzonsportswear,2023-12-22 09:05:20+00:00,መቷል ኦሪጅናል ማሊያ 202324 ዋጋ 1700 ብር ስልክ 0955015555 0955025555 አሁን ደውለው ይዘዙን ያሉበት ድረስ በፍጥነት እናመጣለን ወይም 22ማዞሪያ አበጋዝ ሆቴል 3ኛ ፎቅ ላይ መተው መውሰድ ይችላሉ ከአአ ውጪ ላላችሁ ደንበኞች በ24 ሰአት ውስጥ በEMS ፖስታ እንልካለን
-1001135034032,emartzonsportswear,2023-12-21 06:35:14+00:00,መቷል ኦሪጅናል ማሊያ 2324 3rd ዋጋ 1700 ብር ስልክ 0955015555 0955025555 አሁን ደውለው ይዘዙን ያሉበት ድረስ በፍጥነት እናመጣለን ወይም 22ማዞሪያ አበጋዝ ሆቴል 3ኛ ፎቅ ላይ መተው መውሰድ ይችላሉ ከአአ ውጪ ላላችሁ ደንበኞች በ24 ሰአት ውስጥ በEMS ፖስታ እንልካለን
-1001135034032,emartzonsportswear,2023-12-16 12:22:20+00:00,መቷል ኦሪጅናል ማሊያ 202324 ዋጋ 1700 ብር ስልክ 0955015555 0955025555 አሁን ደውለው ይዘዙን ያሉበት ድረስ በፍጥነት እናመጣለን ወይም 22ማዞሪያ አበጋዝ ሆቴል 3ኛ ፎቅ ላይ መተው መውሰድ ይችላሉ ከአአ ውጪ ላላችሁ ደንበኞች በ24 ሰአት ውስጥ በEMS ፖስታ እንልካለን
-1001135034032,emartzonsportswear,2023-12-15 12:54:29+00:00,መቷል ኦሪጅናል ማሊያ 2324 3rd ዋጋ 1700 ብር ስልክ 0955015555 0955025555 አሁን ደውለው ይዘዙን ያሉበት ድረስ በፍጥነት እናመጣለን ወይም 22ማዞሪያ አበጋዝ ሆቴል 3ኛ ፎቅ ላይ መተው መውሰድ ይችላሉ ከአአ ውጪ ላላችሁ ደንበኞች በ24 ሰአት ውስጥ በEMS ፖስታ እንልካለን
-1001135034032,emartzonsportswear,2023-12-12 08:09:52+00:00,መቷል ኦሪጅናል ማሊያ 202324 ዋጋ 1700 ብር ስልክ 0955015555 0955025555 አሁን ደውለው ይዘዙን ያሉበት ድረስ በፍጥነት እናመጣለን ወይም 22ማዞሪያ አበጋዝ ሆቴል 3ኛ ፎቅ ላይ መተው መውሰድ ይችላሉ ከአአ ውጪ ላላችሁ ደንበኞች በ24 ሰአት ውስጥ በEMS ፖስታ እንልካለን
-1001135034032,emartzonsportswear,2023-12-12 08:07:53+00:00,መቷል ኦሪጅናል ማሊያ 202324 ዋጋ 1700 ብር ስልክ 0955015555 0955025555 አሁን ደውለው ይዘዙን ያሉበት ድረስ በፍጥነት እናመጣለን ወይም 22ማዞሪያ አበጋዝ ሆቴል 3ኛ ፎቅ ላይ መተው መውሰድ ይችላሉ ከአአ ውጪ ላላችሁ ደንበኞች በ24 ሰአት ውስጥ በEMS ፖስታ እንልካለን
-1001135034032,emartzonsportswear,2023-12-12 07:39:46+00:00,መቷል ኦሪጅናል ማሊያ 2324 ዋጋ 1700 ብር ስልክ 0955015555 0955025555 አሁን ደውለው ይዘዙን ያሉበት ድረስ በፍጥነት እናመጣለን ወይም 22ማዞሪያ አበጋዝ ሆቴል 3ኛ ፎቅ ላይ መተው መውሰድ ይችላሉ ከአአ ውጪ ላላችሁ ደንበኞች በ24 ሰአት ውስጥ በEMS ፖስታ እንልካለን
-1001135034032,emartzonsportswear,2023-12-11 06:03:37+00:00,መቷል ኦሪጅናል ማሊያ 202324 3rd ዋጋ 1700 ብር ስልክ 0955015555 0955025555 አሁን ደውለው ይዘዙን ያሉበት ድረስ በፍጥነት እናመጣለን ወይም 22ማዞሪያ አበጋዝ ሆቴል 3ኛ ፎቅ ላይ መተው መውሰድ ይችላሉ ከአአ ውጪ ላላችሁ ደንበኞች በ24 ሰአት ውስጥ በEMS ፖስታ እንልካለን
-1001135034032,emartzonsportswear,2023-12-09 06:03:44+00:00,መቷል ኦሪጅናል ቱታ 2324 ዋጋ 3950 ብር ስልክ 0955015555 0955025555 አሁን ደውለው ይዘዙን ያሉበት ድረስ በፍጥነት እናመጣለን ወይም 22ማዞሪያ አበጋዝ ሆቴል 3ኛ ፎቅ ላይ መተው መውሰድ ይችላሉ ከአአ ውጪ ላላችሁ ደንበኞች በ24 ሰአት ውስጥ በEMS ፖስታ እንልካለን
-1001135034032,emartzonsportswear,2023-12-08 11:42:40+00:00,መቷል ኦሪጅናል ማሊያ 202324 ዋጋ 1700 ብር ስልክ 0955015555 0955025555 አሁን ደውለው ይዘዙን ያሉበት ድረስ በፍጥነት እናመጣለን ወይም 22ማዞሪያ አበጋዝ ሆቴል 3ኛ ፎቅ ላይ መተው መውሰድ ይችላሉ ከአአ ውጪ ላላችሁ ደንበኞች በ24 ሰአት ውስጥ በEMS ፖስታ እንልካለን
-1001135034032,emartzonsportswear,2023-12-08 09:20:15+00:00,መቷል ኦሪጅናል ማሊያ 2324 ዋጋ 1700 ብር ስልክ 0955015555 0955025555 አሁን ደውለው ይዘዙን ያሉበት ድረስ በፍጥነት እናመጣለን ወይም 22ማዞሪያ አበጋዝ ሆቴል 3ኛ ፎቅ ላይ መተው መውሰድ ይችላሉ ከአአ ውጪ ላላችሁ ደንበኞች በ24 ሰአት ውስጥ በEMS ፖስታ እንልካለን
-1001135034032,emartzonsportswear,2023-12-07 11:10:05+00:00,መቷል ኦሪጅናል ማሊያ 202223 ዋጋ 1700 ብር ስልክ 0955015555 0955025555 አሁን ደውለው ይዘዙን ያሉበት ድረስ በፍጥነት እናመጣለን ወይም 22ማዞሪያ አበጋዝ ሆቴል 3ኛ ፎቅ ላይ መተው መውሰድ ይችላሉ ከአአ ውጪ ላላችሁ ደንበኞች በ24 ሰአት ውስጥ በEMS ፖስታ እንልካለን
-1001135034032,emartzonsportswear,2023-12-07 08:25:51+00:00,መቷል ኦሪጅናል ቱታ 2324 ዋጋ 3950 ብር ስልክ 0955015555 0955025555 አሁን ደውለው ይዘዙን ያሉበት ድረስ በፍጥነት እናመጣለን ወይም 22ማዞሪያ አበጋዝ ሆቴል 3ኛ ፎቅ ላይ መተው መውሰድ ይችላሉ ከአአ ውጪ ላላችሁ ደንበኞች በ24 ሰአት ውስጥ በEMS ፖስታ እንልካለን
-1001135034032,emartzonsportswear,2023-12-06 12:54:12+00:00,የዛሬውን ተጠባቂ ጨዋታ ይገምቱ
-1001135034032,emartzonsportswear,2023-12-06 11:59:25+00:00,መቷል ኦሪጅናል ማሊያ 2324 ዋጋ 1700 ብር ስልክ 0955015555 0955025555 አሁን ደውለው ይዘዙን ያሉበት ድረስ በፍጥነት እናመጣለን ወይም 22ማዞሪያ አበጋዝ ሆቴል 3ኛ ፎቅ ላይ መተው መውሰድ ይችላሉ ከአአ ውጪ ላላችሁ ደንበኞች በ24 ሰአት ውስጥ በEMS ፖስታ እንልካለን
-1001135034032,emartzonsportswear,2023-12-02 14:32:45+00:00,ይገምቱ
-1001135034032,emartzonsportswear,2023-12-02 06:39:14+00:00,መቷል ኦሪጅናል ማሊያ 202324 3rd ዋጋ 1700 ብር ስልክ 0955015555 0955025555 አሁን ደውለው ይዘዙን ያሉበት ድረስ በፍጥነት እናመጣለን ወይም 22ማዞሪያ አበጋዝ ሆቴል 3ኛ ፎቅ ላይ መተው መውሰድ ይችላሉ ከአአ ውጪ ላላችሁ ደንበኞች በ24 ሰአት ውስጥ በEMS ፖስታ እንልካለን
-1001135034032,emartzonsportswear,2023-11-30 09:07:49+00:00,መቷል ኦሪጅናል ማሊያ ዋጋ 2000 ብር ስልክ 0955015555 0955025555 አሁን ደውለው ይዘዙን ያሉበት ድረስ በፍጥነት እናመጣለን ወይም 22ማዞሪያ አበጋዝ ሆቴል 3ኛ ፎቅ ላይ መተው መውሰድ ይችላሉ ከአአ ውጪ ላላችሁ ደንበኞች በ24 ሰአት ውስጥ በEMS ፖስታ እንልካለን
-1001135034032,emartzonsportswear,2023-11-29 05:31:12+00:00,መቷል ኦሪጅናል ማሊያ 202324 ዋጋ 1700 ብር ስልክ 0955015555 0955025555 አሁን ደውለው ይዘዙን ያሉበት ድረስ በፍጥነት እናመጣለን ወይም 22ማዞሪያ አበጋዝ ሆቴል 3ኛ ፎቅ ላይ መተው መውሰድ ይችላሉ ከአአ ውጪ ላላችሁ ደንበኞች በ24 ሰአት ውስጥ በEMS ፖስታ እንልካለን
-1001135034032,emartzonsportswear,2023-11-29 05:28:55+00:00,መቷል ኦሪጅናል ማሊያ 202324 ዋጋ 1700 ብር ስልክ 0955015555 0955025555 አሁን ደውለው ይዘዙን ያሉበት ድረስ በፍጥነት እናመጣለን ወይም 22ማዞሪያ አበጋዝ ሆቴል 3ኛ ፎቅ ላይ መተው መውሰድ ይችላሉ ከአአ ውጪ ላላችሁ ደንበኞች በ24 ሰአት ውስጥ በEMS ፖስታ እንልካለን
-1001135034032,emartzonsportswear,2023-11-29 05:19:40+00:00,መቷል ኦሪጅናል ማሊያ 202223 ዋጋ 1700 ብር ስልክ 0955015555 0955025555 አሁን ደውለው ይዘዙን ያሉበት ድረስ በፍጥነት እናመጣለን ወይም 22ማዞሪያ አበጋዝ ሆቴል 3ኛ ፎቅ ላይ መተው መውሰድ ይችላሉ ከአአ ውጪ ላላችሁ ደንበኞች በ24 ሰአት ውስጥ በEMS ፖስታ እንልካለን
-1001135034032,emartzonsportswear,2023-11-29 05:15:54+00:00,መቷል ኦሪጅናል ማሊያ 202324 ዋጋ 1700 ብር ስልክ 0955015555 0955025555 አሁን ደውለው ይዘዙን ያሉበት ድረስ በፍጥነት እናመጣለን ወይም 22ማዞሪያ አበጋዝ ሆቴል 3ኛ ፎቅ ላይ መተው መውሰድ ይችላሉ ከአአ ውጪ ላላችሁ ደንበኞች በ24 ሰአት ውስጥ በEMS ፖስታ እንልካለን
-1001135034032,emartzonsportswear,2023-11-29 05:13:22+00:00,መቷል ኦሪጅናል ማሊያ 199092 ዋጋ 2000 ብር ስልክ 0955015555 0955025555 አሁን ደውለው ይዘዙን ያሉበት ድረስ በፍጥነት እናመጣለን ወይም 22ማዞሪያ አበጋዝ ሆቴል 3ኛ ፎቅ ላይ መተው መውሰድ ይችላሉ ከአአ ውጪ ላላችሁ ደንበኞች በ24 ሰአት ውስጥ በEMS ፖስታ እንልካለን
-1001135034032,emartzonsportswear,2023-11-29 05:09:55+00:00,መቷል ኦሪጅናል ማሊያ 199293 ዋጋ 2000 ብር ስልክ 0955015555 0955025555 አሁን ደውለው ይዘዙን ያሉበት ድረስ በፍጥነት እናመጣለን ወይም 22ማዞሪያ አበጋዝ ሆቴል 3ኛ ፎቅ ላይ መተው መውሰድ ይችላሉ ከአአ ውጪ ላላችሁ ደንበኞች በ24 ሰአት ውስጥ በEMS ፖስታ እንልካለን
-1001135034032,emartzonsportswear,2023-11-29 05:07:06+00:00,መቷል ኦሪጅናል ማሊያ 2324 ዋጋ 1700 ብር ስልክ 0955015555 0955025555 አሁን ደውለው ይዘዙን ያሉበት ድረስ በፍጥነት እናመጣለን ወይም 22ማዞሪያ አበጋዝ ሆቴል 3ኛ ፎቅ ላይ መተው መውሰድ ይችላሉ ከአአ ውጪ ላላችሁ ደንበኞች በ24 ሰአት ውስጥ በEMS ፖስታ እንልካለን
-1001135034032,emartzonsportswear,2023-11-27 10:23:41+00:00,መቷል ኦሪጅናል ማሊያ 2324 CR7 ዋጋ 2000 ብር ስልክ 0955015555 0955025555 አሁን ደውለው ይዘዙን ያሉበት ድረስ በፍጥነት እናመጣለን ወይም 22ማዞሪያ አበጋዝ ሆቴል 3ኛ ፎቅ ላይ መተው መውሰድ ይችላሉ ከአአ ውጪ ላላችሁ ደንበኞች በ24 ሰአት ውስጥ በEMS ፖስታ እንልካለን
-1001135034032,emartzonsportswear,2023-11-20 07:54:00+00:00,መቷል ኦሪጅናል ማሊያ 200910 ዋጋ 2000 ብር ስልክ 0955015555 0955025555 አሁን ደውለው ይዘዙን ያሉበት ድረስ በፍጥነት እናመጣለን ወይም 22ማዞሪያ አበጋዝ ሆቴል 3ኛ ፎቅ ላይ መተው መውሰድ ይችላሉ ከአአ ውጪ ላላችሁ ደንበኞች በ24 ሰአት ውስጥ በEMS ፖስታ እንልካለን
-1001135034032,emartzonsportswear,2023-11-18 08:54:50+00:00,ኦሪጅናል ማሊያ 2008 7 ዋጋ 2250 ብር ስልክ 0955015555 0955025555 አሁን ደውለው ይዘዙን ያሉበት ድረስ በፍጥነት እናመጣለን ወይም 22ማዞሪያ አበጋዝ ሆቴል 3ኛ ፎቅ ላይ መተው መውሰድ ይችላሉ ከአአ ውጪ ላላችሁ ደንበኞች በ24 ሰአት ውስጥ በEMS ፖስታ እንልካለን
-1001135034032,emartzonsportswear,2023-11-13 11:10:33+00:00,መቷል ኦሪጅናል ማሊያ 2324 3rd ዋጋ 1700 ብር ስልክ 0955015555 0955025555 አሁን ደውለው ይዘዙን ያሉበት ድረስ በፍጥነት እናመጣለን ወይም 22ማዞሪያ አበጋዝ ሆቴል 3ኛ ፎቅ ላይ መተው መውሰድ ይችላሉ ከአአ ውጪ ላላችሁ ደንበኞች በ24 ሰአት ውስጥ በEMS ፖስታ እንልካለን
-1001135034032,emartzonsportswear,2023-11-11 05:45:11+00:00,ኦሪጅናል ማሊያ 201011 ዋጋ 2000 ብር ስልክ 0955015555 0955025555 አሁን ደውለው ይዘዙን ያሉበት ድረስ በፍጥነት እናመጣለን ወይም 22ማዞሪያ አበጋዝ ሆቴል 3ኛ ፎቅ ላይ መተው መውሰድ ይችላሉ ከአአ ውጪ ላላችሁ ደንበኞች በ24 ሰአት ውስጥ በEMS ፖስታ እንልካለን
-1001135034032,emartzonsportswear,2023-11-09 08:50:24+00:00,ውድ ደንበኞቻችን 4k እና በተመጣጣኝ ዋጋ ለማግኘት ይሄን ቻናል ይቀላቀሉ እናመሰግናለን
-1001135034032,emartzonsportswear,2023-11-08 05:48:44+00:00,መቷል ኦሪጅናል የልጆች ማሊያ ከነቁምጣው 2324 182628 ዋጋ 1950 ብር ስልክ 0955015555 0955025555 አሁን ደውለው ይዘዙን ያሉበት ድረስ በፍጥነት እናመጣለን ወይም 22ማዞሪያ አበጋዝ ሆቴል 3ኛ ፎቅ ላይ መተው መውሰድ ይችላሉ ከአአ ውጪ ላላችሁ ደንበኞች በ24 ሰአት ውስጥ በEMS ፖስታ እንልካለን
-1001135034032,emartzonsportswear,2023-10-25 08:59:09+00:00,መቷል ኦሪጅናል ማሊያ 2324 ዋጋ 1700 ብር 23 1950 ብር ስልክ 0955015555 0955025555 አሁን ደውለው ይዘዙን ያሉበት ድረስ በፍጥነት እናመጣለን ወይም 22ማዞሪያ አበጋዝ ሆቴል 3ኛ ፎቅ ላይ መተው መውሰድ ይችላሉ ከአአ ውጪ ላላችሁ ደንበኞች በ24 ሰአት ውስጥ በEMS ፖስታ እንልካለን
-1001135034032,emartzonsportswear,2023-10-24 08:33:03+00:00,መቷል ኦሪጅናል ማሊያ 199899 7 ዋጋ 2250 ብር ስልክ 0955015555 0955025555 አሁን ደውለው ይዘዙን ያሉበት ድረስ በፍጥነት እናመጣለን ወይም 22ማዞሪያ አበጋዝ ሆቴል 3ኛ ፎቅ ላይ መተው መውሰድ ይችላሉ ከአአ ውጪ ላላችሁ ደንበኞች በ24 ሰአት ውስጥ በEMS ፖስታ እንልካለን
-1001135034032,emartzonsportswear,2023-10-23 07:46:06+00:00,መቷል ኦሪጅናል ማሊያ 199899 ዋጋ 2000 ብር ስልክ 0955015555 0955025555 አሁን ደውለው ይዘዙን ያሉበት ድረስ በፍጥነት እናመጣለን ወይም 22ማዞሪያ አበጋዝ ሆቴል 3ኛ ፎቅ ላይ መተው መውሰድ ይችላሉ ከአአ ውጪ ላላችሁ ደንበኞች በ24 ሰአት ውስጥ በEMS ፖስታ እንልካለን
-1001135034032,emartzonsportswear,2023-10-21 06:06:10+00:00,መቷል ኦሪጅናል ማሊያ 9798 ዋጋ 2000 ብር ስልክ 0955015555 0955025555 አሁን ደውለው ይዘዙን ያሉበት ድረስ በፍጥነት እናመጣለን ወይም 22ማዞሪያ አበጋዝ ሆቴል 3ኛ ፎቅ ላይ መተው መውሰድ ይችላሉ ከአአ ውጪ ላላችሁ ደንበኞች በ24 ሰአት ውስጥ በEMS ፖስታ እንልካለን
-1001135034032,emartzonsportswear,2023-10-09 12:41:40+00:00,መቷል ኦሪጅናል ማሊያ 202324 ዋጋ 1700 ብር ስልክ 0955015555 0955025555 አሁን ደውለው ይዘዙን ያሉበት ድረስ በፍጥነት እናመጣለን ወይም 22ማዞሪያ አበጋዝ ሆቴል 3ኛ ፎቅ ላይ መተው መውሰድ ይችላሉ ከአአ ውጪ ላላችሁ ደንበኞች በ24 ሰአት ውስጥ በEMS ፖስታ እንልካለን
-1001135034032,emartzonsportswear,2023-10-03 18:37:34+00:00,መቷል ኦሪጅናል ማሊያ 2324 ዋጋ 1700 ብር ስልክ 0955015555 0955025555 አሁን ደውለው ይዘዙን ያሉበት ድረስ በፍጥነት እናመጣለን ወይም 22ማዞሪያ አበጋዝ ሆቴል 3ኛ ፎቅ ላይ መተው መውሰድ ይችላሉ ከአአ ውጪ ላላችሁ ደንበኞች በ24 ሰአት ውስጥ በEMS ፖስታ እንልካለን
-1001135034032,emartzonsportswear,2023-10-03 12:00:28+00:00,መቷል ኦሪጅናል ማሊያ 2324 3rd ዋጋ 1700 ብር ስልክ 0955015555 0955025555 አሁን ደውለው ይዘዙን ያሉበት ድረስ በፍጥነት እናመጣለን ወይም 22ማዞሪያ አበጋዝ ሆቴል 3ኛ ፎቅ ላይ መተው መውሰድ ይችላሉ ከአአ ውጪ ላላችሁ ደንበኞች በ24 ሰአት ውስጥ በEMS ፖስታ እንልካለን
-1001135034032,emartzonsportswear,2023-10-02 10:47:30+00:00,መቷል ኦሪጅናል ማሊያ 2324 3rd ዋጋ 1700 ብር ስልክ 0955015555 0955025555 አሁን ደውለው ይዘዙን ያሉበት ድረስ በፍጥነት እናመጣለን ወይም 22ማዞሪያ አበጋዝ ሆቴል 3ኛ ፎቅ ላይ መተው መውሰድ ይችላሉ ከአአ ውጪ ላላችሁ ደንበኞች በ24 ሰአት ውስጥ በEMS ፖስታ እንልካለን
-1001135034032,emartzonsportswear,2023-09-16 08:47:12+00:00,መቷል ኦሪጅናል ማሊያ 2324 ዋጋ 1700 ብር ስልክ 0955015555 0955025555 አሁን ደውለው ይዘዙን ያሉበት ድረስ በፍጥነት እናመጣለን ወይም 22ማዞሪያ አበጋዝ ሆቴል 3ኛ ፎቅ ላይ መተው መውሰድ ይችላሉ ከአአ ውጪ ላላችሁ ደንበኞች በ24 ሰአት ውስጥ በEMS ፖስታ እንልካለን
-1001135034032,emartzonsportswear,2023-09-16 08:25:05+00:00,ኦሪጅናል ማሊያ 200506 ዋጋ 2000 ብር ስልክ 0955015555 0955025555 አሁን ደውለው ይዘዙን ያሉበት ድረስ በፍጥነት እናመጣለን ወይም 22ማዞሪያ አበጋዝ ሆቴል 3ኛ ፎቅ ላይ መተው መውሰድ ይችላሉ ከአአ ውጪ ላላችሁ ደንበኞች በ24 ሰአት ውስጥ በEMS ፖስታ እንልካለን
-1001135034032,emartzonsportswear,2023-09-15 07:57:41+00:00,መቷል ኦሪጅናል ማሊያ 2324 ዋጋ ያለ ስም 1700 ብር ስምና ቁጥር ያለው 1950 ብር ስልክ 0955015555 0955025555 አሁን ደውለው ይዘዙን ያሉበት ድረስ በፍጥነት እናመጣለን ወይም 22ማዞሪያ አበጋዝ ሆቴል 3ኛ ፎቅ ላይ መተው መውሰድ ይችላሉ ከአአ ውጪ ላላችሁ ደንበኞች በ24 ሰአት ውስጥ በEMS ፖስታ እንልካለን
-1001135034032,emartzonsportswear,2023-08-22 07:33:00+00:00,መቷል ኦሪጅናል ማሊያ 200304 14 ዋጋ 2250 ብር ስልክ 0955015555 0955025555 አሁን ደውለው ይዘዙን ያሉበት ድረስ በፍጥነት እናመጣለን ወይም 22ማዞሪያ አበጋዝ ሆቴል 3ኛ ፎቅ ላይ መተው መውሰድ ይችላሉ ከአአ ውጪ ላላችሁ ደንበኞች በ24 ሰአት ውስጥ በEMS ፖስታ እንልካለን
-1001135034032,emartzonsportswear,2023-08-18 08:00:40+00:00,መቷል ኦሪጅናል ማሊያ 3 No10 ዋጋ 2000 ብር ስልክ 0955015555 0955025555 አሁን ደውለው ይዘዙን ያሉበት ድረስ በፍጥነት እናመጣለን ወይም 22ማዞሪያ አበጋዝ ሆቴል 3ኛ ፎቅ ላይ መተው መውሰድ ይችላሉ ከአአ ውጪ ላላችሁ ደንበኞች በ24 ሰአት ውስጥ በEMS ፖስታ እንልካለን
-1001135034032,emartzonsportswear,2023-08-14 09:47:52+00:00,መቷል ኦሪጅናል ማሊያ 202324 ዋጋ 1700 ብር ስልክ 0955015555 0955025555 አሁን ደውለው ይዘዙን ያሉበት ድረስ በፍጥነት እናመጣለን ወይም 22ማዞሪያ አበጋዝ ሆቴል 3ኛ ፎቅ ላይ መተው መውሰድ ይችላሉ ከአአ ውጪ ላላችሁ ደንበኞች በ24 ሰአት ውስጥ በEMS ፖስታ እንልካለን
-1001135034032,emartzonsportswear,2023-08-14 08:33:25+00:00,መቷል ኦሪጅናል ማሊያ 202324 ዋጋ 1950 ብር ስልክ 0955015555 0955025555 አሁን ደውለው ይዘዙን ያሉበት ድረስ በፍጥነት እናመጣለን ወይም 22ማዞሪያ አበጋዝ ሆቴል 3ኛ ፎቅ ላይ መተው መውሰድ ይችላሉ ከአአ ውጪ ላላችሁ ደንበኞች በ24 ሰአት ውስጥ በEMS ፖስታ እንልካለን
-1001135034032,emartzonsportswear,2023-08-10 13:36:16+00:00,ሰላም የ ቤተሰቦች መጀመርን ምክንያት በማድረግ ለምትጫወቱ ከታች ባለው በነፃ በማድረግ በሲዝኑ መጨረሻ ከ1 እስከ 3 ለወጣ ያዘጋጀነውን አጏጊ ሽልማት ተሸላሚ ይሁኑ hnfo5d መልካም ጨዋታ
-1001135034032,emartzonsportswear,2023-07-27 08:48:25+00:00,መቷል ኦሪጅናል ማሊያ 199394 7 ዋጋ 2250 ብር ስልክ 0955015555 0955025555 አሁን ደውለው ይዘዙን ያሉበት ድረስ በፍጥነት እናመጣለን ወይም 22ማዞሪያ አበጋዝ ሆቴል 3ኛ ፎቅ ላይ መተው መውሰድ ይችላሉ ከአአ ውጪ ላላችሁ ደንበኞች በ24 ሰአት ውስጥ በEMS ፖስታ እንልካለን
-1001135034032,emartzonsportswear,2023-07-22 05:22:58+00:00,መቷል ኦሪጅናል ማሊያ 2324 ዋጋ 1700 ብር ስልክ 0955015555 0955025555 አሁን ደውለው ይዘዙን ያሉበት ድረስ በፍጥነት እናመጣለን ወይም 22ማዞሪያ አበጋዝ ሆቴል 3ኛ ፎቅ ላይ መተው መውሰድ ይችላሉ ከአአ ውጪ ላላችሁ ደንበኞች በ24 ሰአት ውስጥ በEMS ፖስታ እንልካለን
-1001135034032,emartzonsportswear,2023-07-06 08:25:10+00:00,መቷል ኦሪጅናል ማሊያ 199294 ዋጋ 2000 ብር ስልክ 0955015555 0955025555 አሁን ደውለው ይዘዙን ያሉበት ድረስ በፍጥነት እናመጣለን ወይም 22ማዞሪያ አበጋዝ ሆቴል 3ኛ ፎቅ ላይ መተው መውሰድ ይችላሉ ከአአ ውጪ ላላችሁ ደንበኞች በ24 ሰአት ውስጥ በEMS ፖስታ እንልካለን
-1001135034032,emartzonsportswear,2023-06-10 06:18:59+00:00,መቷል ኦሪጅናል ማሊያ ዋጋ 1700 ብር ስልክ 0955015555 0955025555 አሁን ደውለው ይዘዙን ያሉበት ድረስ በፍጥነት እናመጣለን ወይም 22ማዞሪያ አበጋዝ ሆቴል 3ኛ ፎቅ ላይ መተው መውሰድ ይችላሉ ከአአ ውጪ ላላችሁ ደንበኞች በ24 ሰአት ውስጥ በEMS ፖስታ እንልካለን
